Compound,Date,Negative,Neutral,Positive,Tweet Text,Tweets Ago,User
0.8858,Tue Oct 02 21:25:29 +0000 2018,0.0,0.646,0.354,RT @CBSAllAccess: It's a great day to be a fan of #TheTwilightZone! We're celebrating the 59th anniversary of the classic series AND the of‚Ä¶,0,@CBS
0.0,Tue Oct 02 18:36:26 +0000 2018,0.0,1.0,0.0,"‚ö°Ô∏è ‚ÄúHappy Together Premieres on CBS‚Äù

https://t.co/W7IvELcMcw",1,@CBS
-0.4449,Tue Oct 02 17:52:53 +0000 2018,0.164,0.836,0.0,"@miamicah We don't know for sure about that, but we are sure that you should be some sort of TV detective. üôÇ https://t.co/uW5aSn7jlO",2,@CBS
0.0,Tue Oct 02 16:49:34 +0000 2018,0.0,1.0,0.0,"‚ö°Ô∏è ‚ÄúThe Neighborhood Premieres on CBS‚Äù

https://t.co/R72l342BFE",3,@CBS
0.3182,Tue Oct 02 02:42:23 +0000 2018,0.0,0.881,0.119,"RT @startrekcbs: Discover the next adventure of #StarTrekDiscovery January 2019, and catch #Starfleet at @NY_Comic_Con THIS Saturday. https‚Ä¶",4,@CBS
0.765,Tue Oct 02 01:10:54 +0000 2018,0.0,0.708,0.292,The stars of @TheNeighborhood and @happytogether celebrated their shows' premieres on CBS tonight with a good old f‚Ä¶ https://t.co/fu9SJzv7hZ,5,@CBS
0.0,Tue Oct 02 00:01:07 +0000 2018,0.0,1.0,0.0,"RT @TheNeighborhood: It's almost time! Our live Q&amp;A with the casts of #TheNeighborhood &amp; #HappyTogether is starting at 8pm ET/ 5pm PT. 

Se‚Ä¶",6,@CBS
0.0,Mon Oct 01 21:56:03 +0000 2018,0.0,1.0,0.0,Head over to the CBS Facebook page now for the #FacebookLive with @happytogether‚Äôs @wayansjr and @TheNeighborhood‚Äôs‚Ä¶ https://t.co/37QOrVA1sh,7,@CBS
0.296,Mon Oct 01 16:33:11 +0000 2018,0.0,0.864,0.136,Join @happytogether's @wayansjr and @TheNeighborhood's @iamgreenfield for a Facebook Live TODAY at 5:45p ET/2:45 PT‚Ä¶ https://t.co/klrx7cA41H,8,@CBS
-0.2263,Sun Sep 30 23:51:26 +0000 2018,0.091,0.909,0.0,"Due to #NFL football game overrun, #CBS Sunday lineup is delayed in East/Central time zones ONLY. New start times:‚Ä¶ https://t.co/zmEn7CVlUi",9,@CBS
0.6124,Sun Sep 30 17:00:00 +0000 2018,0.0,0.81,0.19,The cast of @GodFriendedMe answers some heavenly questions about social media before the show premieres tonight aft‚Ä¶ https://t.co/61Tx2GTn35,10,@CBS
0.0,Sun Sep 30 14:34:18 +0000 2018,0.0,1.0,0.0,RT @CBSAllAccess: Stream NFL on CBS LIVE today starting at 1pm ET on CBS All Access! üèà https://t.co/vsod8jYeZl https://t.co/UBp3R4UCAd,11,@CBS
0.0,Fri Sep 28 22:22:01 +0000 2018,0.0,1.0,0.0,"On @colbertlateshow, @TheNeighborhood's @CedEntertainer and Stephen recall the first time they met on a night when‚Ä¶ https://t.co/vjz1zVg4sR",12,@CBS
0.0,Fri Sep 28 20:16:14 +0000 2018,0.0,1.0,0.0,".@happytogether's @wayansjr, @HereIsGina &amp; @latelateshow discuss the pros and cons of living with a pop star. Con:‚Ä¶ https://t.co/PLXFxfheW7",13,@CBS
0.0,Fri Sep 28 17:52:41 +0000 2018,0.0,1.0,0.0,"If you haven't seen @SEALTeamCBS, make it your mission to know them before the #SEALTeam Season 2 premiere October‚Ä¶ https://t.co/NhCPI3lZSV",14,@CBS
0.0,Fri Sep 28 16:51:50 +0000 2018,0.0,1.0,0.0,"‚ö°Ô∏è ‚ÄúMurphy Brown Returns to CBS‚Äù

https://t.co/3vsAg7WcB1",15,@CBS
0.0,Thu Sep 27 20:19:18 +0000 2018,0.0,1.0,0.0,.@TheNeighborhood's @iamgreenfield revealing his Fiddler on the Roof goals on @latelateshow will be the earworm you‚Ä¶ https://t.co/swbh8HPwA1,16,@CBS
0.0,Thu Sep 27 20:01:53 +0000 2018,0.0,1.0,0.0,RT @MurphyBrownCBS: A moment 20 years in the making all comes down to this. #MurphyBrown returns to @CBS tonight! https://t.co/tWSMFM3YbG,17,@CBS
0.0,Thu Sep 27 17:19:16 +0000 2018,0.0,1.0,0.0,"Candice Bergen tells @colbertlateshow the presidential way tonight's @MurphyBrownCBS premiere imitates life, albeit‚Ä¶ https://t.co/4Kbk8gt6nS",18,@CBS
-0.34,Thu Sep 27 16:58:08 +0000 2018,0.283,0.526,0.191,@marlagardner222 @jay_hernandez Good idea. The theme song is a dead giveaway. üòâ,19,@CBS
0.0,Thu Sep 27 00:44:13 +0000 2018,0.0,1.0,0.0,@queenmama7777 @CBSAllAccess We believe in you! https://t.co/ZK0xaPRxVr,20,@CBS
0.0,Thu Sep 27 00:42:15 +0000 2018,0.0,1.0,0.0,@BSkyjackcity @jokersupdates @CBSAllAccess On it. https://t.co/yxKX9ry7fw,21,@CBS
0.1139,Wed Sep 26 21:49:27 +0000 2018,0.0,0.929,0.071,Sixteen houseguests entered and now it's down to the Final 3. Don't miss a second of the 90-minute #BB20Finale toni‚Ä¶ https://t.co/KwDHR9Hfqu,22,@CBS
0.6249,Wed Sep 26 19:57:54 +0000 2018,0.0,0.779,0.221,"The tribe has spoken, and they do a pretty decent @JeffProbst impression just in time for the @survivorcbs Season P‚Ä¶ https://t.co/2Ps8VKblay",23,@CBS
0.0,Wed Sep 26 17:25:43 +0000 2018,0.0,1.0,0.0,"‚ö°Ô∏è ‚ÄúFBI Premieres on CBS‚Äù

https://t.co/faL6iHZc5g",24,@CBS
-0.2714,Tue Sep 25 21:10:56 +0000 2018,0.149,0.745,0.106,"RT @CBSAllAccess: A night of crime dramas?! Oh yes. üôå Stream @NCIS_CBS, @FBICBS &amp; @NCISNewOrleans starting at 8/7c on CBS All Access: https‚Ä¶",25,@CBS
-0.2263,Tue Sep 25 20:31:45 +0000 2018,0.091,0.909,0.0,"Before @FBICBS premieres tonight, @mperegrym stopped by @CBSThisMorning to talk about her role as an FBI agent in t‚Ä¶ https://t.co/CPVki4Hv8y",26,@CBS
0.0,Tue Sep 25 19:54:26 +0000 2018,0.0,1.0,0.0,RT @CBSAllAccess: üö® @PatrickBrammall. Tim Meadows. @jessicaalba. @iamgreenfield. @AHWAmySedaris. @ChrisGethard. @JoeManganiello. AND SO MAN‚Ä¶,27,@CBS
0.7901,Tue Sep 25 19:45:33 +0000 2018,0.0,0.709,0.291,RT @bigbangtheory: Happy #NationalComicBookDay from Sheldon and his many shirts! How are you sporting your favorite superhero today? #BigBa‚Ä¶,28,@CBS
0.0,Tue Sep 25 18:34:26 +0000 2018,0.0,1.0,0.0,"‚ö°Ô∏è ‚ÄúMagnum P.I. Premieres on CBS‚Äù

https://t.co/UtbQlcDG8S",29,@CBS
0.0,Tue Sep 25 18:05:31 +0000 2018,0.0,1.0,0.0,".@jay_hernandez went on @latelateshow to talk about @MagnumPICBS, but he may have gotten @TiffanyHaddish as a surf‚Ä¶ https://t.co/a3acRu10aw",30,@CBS
0.0,Mon Sep 24 18:56:15 +0000 2018,0.0,1.0,0.0,"RT @60Minutes: 60 Minutes turns 50 today. Tick, tick, tick ... https://t.co/3CVKEs9J7F",31,@CBS
-0.2263,Sun Sep 23 23:24:03 +0000 2018,0.087,0.913,0.0,"Due to #NFL football game overrun, #CBS Sunday lineup is delayed in ATL, Indy, NOLA, Kansas City, NYC, Philly, Prov‚Ä¶ https://t.co/fejqoxtvSY",32,@CBS
0.0,Sun Sep 23 14:00:00 +0000 2018,0.0,1.0,0.0,Kick off your Sunday with @NFL on CBS. Catch your local games live on CBS and @CBSAllAccess. üèàüì∫‚Ä¶ https://t.co/kbo7N27mY9,33,@CBS
0.296,Fri Sep 21 19:18:00 +0000 2018,0.098,0.758,0.144,"How does $100,000 sound? Because someone is going to win all that tonight on the @TKOCBS Battle Royale finale at 9p‚Ä¶ https://t.co/JEuUZ2QlQh",34,@CBS
-0.1531,Fri Sep 21 17:46:26 +0000 2018,0.187,0.672,0.142,@colbertlateshow @IainLoveTheatre @IainLoveTheatre made a compelling argument. We'll get back to you. üòâ,35,@CBS
0.296,Thu Sep 20 23:17:19 +0000 2018,0.0,0.891,0.109,"Now that @bigbangtheory is entering its last season, Kaley Cuoco admits to @latelateshow she's over the show's noto‚Ä¶ https://t.co/xvhlMWBhSX",36,@CBS
0.6467,Thu Sep 20 21:38:21 +0000 2018,0.0,0.843,0.157,RT @HawaiiFive0CBS: It‚Äôs the big Five-0! üéâ üåä #H50 premiered on this day in 1968! Celebrate 50 years of Hawaii Five-0 with every season of b‚Ä¶,37,@CBS
0.0,Thu Sep 20 16:47:26 +0000 2018,0.0,1.0,0.0,RT @JordanPeele: üì∫üåÄ https://t.co/CygbVi4JFC,38,@CBS
-0.0531,Wed Sep 19 19:07:37 +0000 2018,0.236,0.588,0.176,The @latelateshow and @JKCorden will never be good enough for @henrygolding's crazy rich mom.‚Ä¶ https://t.co/xVmH5Iyfvs,39,@CBS
0.6486,Tue Sep 18 17:04:20 +0000 2018,0.0,0.791,0.209,RT @CBSThisMorning: Imagine receiving a digital friend request from someone claiming to be God. What would you do? The new @CBS drama @GodF‚Ä¶,40,@CBS
0.9642,Mon Sep 17 22:01:52 +0000 2018,0.0,0.473,0.527,"RT @PriceIsRight: We're thrilled to be back with all new, fun, and exciting shows!!  We hope to give you another award winning season! HERE‚Ä¶",41,@CBS
0.0,Mon Sep 17 21:41:20 +0000 2018,0.0,1.0,0.0,RT @SalvationCBS: X marks the spot on the heart-stopping season finale of #SalvationCBS tonight at 9/8c on CBS &amp; CBS All Access: https://t.‚Ä¶,42,@CBS
0.3612,Mon Sep 17 19:18:37 +0000 2018,0.0,0.737,0.263,Waiting for tonight's @Elementary_CBS season finale like https://t.co/Ou8342vGT9,43,@CBS
-0.2263,Sun Sep 16 23:48:59 +0000 2018,0.091,0.909,0.0,"Due to an NFL overrun, the CBS Sunday lineup is delayed in the East/Central cities ONLY. New start times:‚Ä¶ https://t.co/IypoJ0l16P",44,@CBS
0.0,Sun Sep 16 14:33:46 +0000 2018,0.0,1.0,0.0,RT @CBSAllAccess: Sundays were made for NFL on CBS. üèàüíØ Stream NFL on CBS All Access live today: https://t.co/vsod8jGE7N https://t.co/co2528‚Ä¶,45,@CBS
-0.4322,Sat Sep 15 16:00:01 +0000 2018,0.159,0.771,0.07,"What happens when a PTA mom steals nearly $100,000 from her daughter's school? Don't miss the #PinkCollarCrimes sea‚Ä¶ https://t.co/Gjiy0pByaE",46,@CBS
-0.2481,Fri Sep 14 18:22:59 +0000 2018,0.248,0.571,0.181,"RT @CBSAllAccess: No internet, no problem. You can now download and play your favorite shows on CBS All Access! üôå Learn how: https://t.co/y‚Ä¶",47,@CBS
0.0,Thu Sep 13 20:52:06 +0000 2018,0.0,1.0,0.0,@PlaggemeyLee Mac's putting something together. üòâ https://t.co/6ww5HlV6Bx,48,@CBS
0.0,Thu Sep 13 20:28:06 +0000 2018,0.0,1.0,0.0,This just in... https://t.co/QG3OYF6Rfv,49,@CBS
0.4753,Thu Sep 13 18:06:49 +0000 2018,0.083,0.699,0.218,RT @CBSAllAccess: Get excited! Stream original #MurphyBrown episodes for a limited time on CBS All Access before the @MurphyBrownCBS reviva‚Ä¶,50,@CBS
0.0,Mon Sep 10 17:06:16 +0000 2018,0.0,1.0,0.0,"This just in! The 54th #ACMawards will air LIVE from Las Vegas on Sunday, April 7, 2019 at 8/7c on CBS and‚Ä¶ https://t.co/Q9e7qxe26l",51,@CBS
-0.2263,Sun Sep 09 23:36:09 +0000 2018,0.083,0.917,0.0,"Due to an NFL overrun, CBS is delayed 17 mins in the following markets: Kansas City, Miami, Tampa, NOLA, New York,‚Ä¶ https://t.co/9eXZ9mA1Xb",52,@CBS
0.6705,Sun Sep 09 14:00:00 +0000 2018,0.0,0.718,0.282,Are you ready for some football? üèà Stream your favorite NFL games LIVE on #CBSAllAccess today:‚Ä¶ https://t.co/eHt8guHoyv,53,@CBS
0.4215,Sat Sep 08 16:20:43 +0000 2018,0.0,0.851,0.149,An unforgettable night of inspiring stories and performances highlighting the 10 years of impact #StandUpToCancer c‚Ä¶ https://t.co/8bp2XNKwfH,54,@CBS
0.0,Sat Sep 08 00:00:00 +0000 2018,0.0,1.0,0.0,The star-studded event is about to begin! Tune in now to watch #StandUpToCancer on CBS and @cbsallaccess. https://t.co/cD8TJuQBog,55,@CBS
-0.5411,Fri Sep 07 23:15:09 +0000 2018,0.196,0.712,0.092,"RT @cbsallaccess: Join #TellMeAStory's @daniellemcam, @BillyMagnussen &amp; Dorian Missick by standing up to cancer! Watch @SU2C tonight at 8/7‚Ä¶",56,@CBS
0.0,Fri Sep 07 21:50:51 +0000 2018,0.0,1.0,0.0,Tune in to a first-of-its-kind digital live show as lead up to @SU2C‚Äôs televised event tonight! The show will featu‚Ä¶ https://t.co/hIVaLAXYmR,57,@CBS
-0.296,Thu Sep 06 22:10:49 +0000 2018,0.121,0.879,0.0,Hollywood legend Burt Reynolds has passed away at the age of 82. He will be missed. https://t.co/HSmcJ9X9iC,58,@CBS
0.4753,Thu Sep 06 19:00:01 +0000 2018,0.0,0.808,0.192,Here are @FBICBS‚Äô @JeremySisto and @EboneeReigne with a powerful message before #StandUpToCancer airs tomorrow! https://t.co/OCqh91N1OO,59,@CBS
0.0,Wed Sep 05 21:00:00 +0000 2018,0.0,1.0,0.0,Here's everything you need to know before tuning into #StandUpToCancer this Friday at 8/7c: https://t.co/IT9ht84TZ1 https://t.co/OK4AOxw5mP,60,@CBS
0.3612,Wed Sep 05 17:32:40 +0000 2018,0.0,0.889,0.111,Survivor host @JeffProbst is here to break down the theme of #Survivor: David vs. Goliath before the new season beg‚Ä¶ https://t.co/8TcA200eFQ,61,@CBS
0.6908,Wed Sep 05 16:48:09 +0000 2018,0.0,0.467,0.533,"Thanks, @StephenAtHome. 
P.S. Nice beard. #LSSC https://t.co/wppVtfR9cL",62,@CBS
0.4215,Tue Sep 04 20:34:26 +0000 2018,0.0,0.865,0.135,The biggest names in entertainment are coming together once again for #StandUpToCancer this Friday at 8/7c on @CBS‚Ä¶ https://t.co/ntuGKLYvuW,63,@CBS
0.6514,Sat Sep 01 15:25:34 +0000 2018,0.0,0.829,0.171,RT @cbsallaccess: Stream #17 @WestVirginiaU vs. @UTKnoxville LIVE today at 3:30PM ET on CBS All Access! Try 1 month FREE using code BINGENO‚Ä¶,64,@CBS
0.0,Fri Aug 31 21:26:49 +0000 2018,0.0,1.0,0.0,"In just one week, @RWitherspoon, @McConaughey, Jennifer Garner, and more will attend the #‚ÄãStandUpToCancer fundrais‚Ä¶ https://t.co/iHKGOoWejA",65,@CBS
0.0,Fri Aug 31 18:01:01 +0000 2018,0.0,1.0,0.0,"Believe in miracles. Watch this sneak peek of the complete premiere episode of @GodFriendedMe now, a month before i‚Ä¶ https://t.co/5AIUH5VmMk",66,@CBS
-0.6908,Thu Aug 30 19:45:51 +0000 2018,0.239,0.761,0.0,"RT @cbsallaccess: Money. Murder. Mystery. #OneDollar is now streaming, exclusively on CBS All Access. https://t.co/3qFdTEmVU5 https://t.co/‚Ä¶",67,@CBS
0.6239,Thu Aug 30 15:32:47 +0000 2018,0.0,0.83,0.17,RT @GodFriendedMe: It's a godsend! We're dropping the #GodFriendedMe pilot tomorrow right here on Twitter for you to stream a full month be‚Ä¶,68,@CBS
0.0,Mon Aug 27 23:36:57 +0000 2018,0.0,1.0,0.0,"It's almost time for sweater weather, pumpkin spice lattes, and CBS Fall TV premieres. Check out the storylines for‚Ä¶ https://t.co/BpgDyYl8fc",69,@CBS
-0.4389,Fri Aug 24 20:30:16 +0000 2018,0.121,0.879,0.0,RT @cbsallaccess: #NFL preseason coverage is here! üèà The Detroit @Lions battle the Tampa Bay @Buccaneers tonight at 8PM ET. Stream the game‚Ä¶,70,@CBS
0.0,Wed Aug 22 20:55:25 +0000 2018,0.0,1.0,0.0,"@bigbangtheory üé∂...happy kitty, sleepy kitty, purr purr purrüé∂ #TheBigBangTheory https://t.co/sEObppGJlZ",71,@CBS
0.0,Wed Aug 22 20:10:12 +0000 2018,0.0,1.0,0.0,"This is going to require multiple singings of ""Soft Kitty."" https://t.co/UdRGNeQ7Lb",72,@CBS
0.5423,Mon Aug 20 21:59:56 +0000 2018,0.0,0.829,0.171,Got to get more of the @PaulMcCartney #CarpoolKaraoke into your life? @latelateshow produced an hour-long bonus spe‚Ä¶ https://t.co/DjPqajo6Xn,73,@CBS
0.3182,Fri Aug 17 17:42:02 +0000 2018,0.0,0.887,0.113,"How much does it cost to bury the truth? 
#OneDollar premieres August 30, exclusively on CBS All Access. https://t.co/ZL5TBH9ro5",74,@CBS
0.0,Thu Aug 16 18:40:09 +0000 2018,0.0,1.0,0.0,Things got carried away when @ArianaGrande joined @latelateshow for #CarpoolKaraoke. So did Ariana. #ArianaCarpool https://t.co/WSZcC0TaYz,75,@CBS
-0.5267,Thu Aug 16 00:09:03 +0000 2018,0.188,0.72,0.092,RT @cbsallaccess: Murder mystery set in a small town? We're in. Rediscover the genius of original #TwinPeaks co-creators @DAVID_LYNCH and @‚Ä¶,76,@CBS
0.0,Sun Aug 12 23:30:02 +0000 2018,0.0,1.0,0.0,New start times for @60Minutes 7:20ET/6:20CT @CBSBigBrother 8:20ET/7:20CT @NCISLA 9:20ET/8:20CT @Elementary_CBS 10:‚Ä¶ https://t.co/Op9VcDsREa,77,@CBS
0.4389,Sun Aug 12 15:04:59 +0000 2018,0.0,0.874,0.126,Clear your schedules for the 100th #PGAChamp! Stream the Final Round LIVE on @cbsallaccess at 2 PM ET across all de‚Ä¶ https://t.co/m6bH2pKTUN,78,@CBS
-0.3182,Sat Aug 11 18:00:00 +0000 2018,0.103,0.897,0.0,The fortune teller you‚Äôll meet this Saturday lived a life of luxury... by scamming her victims out of hundreds of t‚Ä¶ https://t.co/fJo6F2Eo5p,79,@CBS
0.4926,Sat Aug 11 15:00:02 +0000 2018,0.0,0.856,0.144,The 100th PGA Championship continues today! Stream it LIVE on @cbsallaccess at 2PM ET across all devices. Try 1 Wee‚Ä¶ https://t.co/jbMg06eOND,80,@CBS
0.8957,Fri Aug 10 22:28:55 +0000 2018,0.0,0.581,0.419,"To celebrate the 100th PGA Championship, relive some of the tournament's greatest moments with Luke Wilson. 

Don't‚Ä¶ https://t.co/wUuB93smr4",81,@CBS
0.0,Fri Aug 10 19:59:14 +0000 2018,0.0,1.0,0.0,"RT @TrueCrimeCBS: When Glenn Walp and Steve Doran uncovered theft at the Los Alamos National Laboratory, they HAD to blow their whistles. W‚Ä¶",82,@CBS
0.6696,Thu Aug 09 21:00:00 +0000 2018,0.0,0.745,0.255,Want to create your own @CBSBigBrother or @TKOCBS meme using one the photos here? It‚Äôs your lucky day! Head over to‚Ä¶ https://t.co/JHJWykNkQT,83,@CBS
0.7901,Thu Aug 09 18:47:00 +0000 2018,0.0,0.72,0.28,Time to celebrate! Your favorite Daytime shows will premiere with new seasons this fall. See all of the @CBSDaytime‚Ä¶ https://t.co/GNkK4Zf2kD,84,@CBS
0.6696,Wed Aug 08 16:05:11 +0000 2018,0.0,0.791,0.209,"Love is in the air, and the water! International smash hit #LoveIsland is coming to CBS. https://t.co/nepabuNoSU https://t.co/Cxgvkv463u",85,@CBS
0.0,Tue Aug 07 16:06:57 +0000 2018,0.0,1.0,0.0,The Executive Producers of @CBSBigBrother are teaming up with @KingJames and @MavCarter for an unprecedented televi‚Ä¶ https://t.co/V88bDeHmQs,86,@CBS
0.3612,Mon Aug 06 00:20:55 +0000 2018,0.0,0.889,0.111,"RT @cbsallaccess: Executive Producer of Tell Me A Story, @kevwilliamson, says ""What I like about the show, there‚Äôs nothing else on TV like‚Ä¶",87,@CBS
0.5411,Mon Aug 06 00:07:38 +0000 2018,0.098,0.683,0.219,RT @TheNeighborhood: Feel the love in this new teaser for #TheNeighborhood from the #CBS #TCA18! ü§ó https://t.co/rPmCozH5XP,88,@CBS
0.3818,Mon Aug 06 00:02:58 +0000 2018,0.0,0.894,0.106,RT @TheNeighborhood: Find out why Cedric the Entertainer and the cast think #TheNeighborhood is the kind of show that everyone can relate t‚Ä¶,89,@CBS
0.5093,Mon Aug 06 00:02:02 +0000 2018,0.0,0.845,0.155,That's all for our #CBS #TCA18 panels! Tune in this fall to watch all your favorite new shows. üôå https://t.co/hM85o9eRi8,90,@CBS
0.0,Sun Aug 05 23:58:41 +0000 2018,0.0,1.0,0.0,"RT @MagnumPICBS: ""If there was ever a time to bring back #MagnumPI, it's now."" - @PLenkov 
#CBS #TCA2018",91,@CBS
0.8316,Sun Aug 05 23:44:39 +0000 2018,0.0,0.694,0.306,"RT @MagnumPICBS: ""There are a lot of easter eggs from the original that fans from the original series will love, and they're peppered throu‚Ä¶",92,@CBS
0.0,Sun Aug 05 23:41:21 +0000 2018,0.0,1.0,0.0,"RT @MagnumPICBS: ""What we are trying to do is introduce the show to a new audience...it's going to open it up for anyone that's new and the‚Ä¶",93,@CBS
0.5994,Sun Aug 05 23:35:49 +0000 2018,0.0,0.843,0.157,"RT @MagnumPICBS: ""This has been my white whale since I was a kid. I always loved #MagnumPI. Putting words in Magnum's mouth is something I'‚Ä¶",94,@CBS
0.0,Sun Aug 05 23:35:46 +0000 2018,0.0,1.0,0.0,RT @MagnumPICBS: It's #MagnumPI time at the #CBS #TCA2018! Follow along as we live tweet the panel!,95,@CBS
0.5826,Sun Aug 05 23:16:25 +0000 2018,0.0,0.827,0.173,RT @happytogether: Thanks for following along! That concludes the #HappyTogether panel at the #CBS #TCA2018! @MagnumPICBS is up next!,96,@CBS
-0.5093,Sun Aug 05 23:12:39 +0000 2018,0.202,0.798,0.0,"RT @happytogether: Question: Even though you're not playing @Harry_Styles, did you do a Harry crash course?
@itsfelixwot: Absolutely not. C‚Ä¶",97,@CBS
0.0,Sun Aug 05 23:10:20 +0000 2018,0.0,1.0,0.0,"RT @happytogether: ""The show is about marriage, it's about getting a bit older, it's about youthfulness, it's about something happening and‚Ä¶",98,@CBS
0.6041,Sun Aug 05 23:05:58 +0000 2018,0.0,0.775,0.225,"RT @happytogether: ""It's always good to have a little bit of truth in whatever you're making.""- @wayansjr 

#HappyTogether #CBS #TCA2018",99,@CBS
0.0,Tue Oct 02 19:02:07 +0000 2018,0.0,1.0,0.0,"Discover the extraordinary story of how a small Scottish bank grew to briefly become the biggest in the world, befo‚Ä¶ https://t.co/OQpgOJ7edi",0,@BBC
-0.802,Tue Oct 02 17:55:03 +0000 2018,0.427,0.573,0.0,Knife crime is up 22%. Who are the victims and what‚Äôs to blame? https://t.co/ZEAml31p9m,1,@BBC
0.4019,Tue Oct 02 17:06:06 +0000 2018,0.0,0.803,0.197,"The gender reveal party that sparked a massive 47,000 acre wildfire. 
üëâ https://t.co/b0Xc17AuK5 https://t.co/ROh8TOMH7K",2,@BBC
0.5574,Tue Oct 02 16:06:02 +0000 2018,0.0,0.816,0.184,"In 2002, Iberian Lynx were the rarest cats in the world. But then something remarkable happened... https://t.co/iEVCaSDvjN",3,@BBC
-0.2732,Tue Oct 02 14:06:04 +0000 2018,0.242,0.554,0.204,Two scientists who discovered how to fight cancer using the body's immune system have won the 2018 #NobelPrize for‚Ä¶ https://t.co/fIj6Ly7Z3u,4,@BBC
0.5994,Tue Oct 02 13:05:03 +0000 2018,0.0,0.795,0.205,"üç≤üòã A bowl of warm, hearty stew is always a welcome sight on a cold day.

From a classic beef stew to a vegetarian h‚Ä¶ https://t.co/1X1qdk14Oh",5,@BBC
0.0,Tue Oct 02 12:05:04 +0000 2018,0.0,1.0,0.0,"Jodie Whittaker. New Doctor...and a 'Shat Lass'.
#TheGNShow #DoctorWho https://t.co/25HwEbjAfn",6,@BBC
0.5719,Tue Oct 02 10:47:27 +0000 2018,0.0,0.829,0.171,"Donna Strickland has become the first woman to have won the #NobelPrize in Physics in 55 years. 
üëâ‚Ä¶ https://t.co/hGIojnR1W0",7,@BBC
0.0,Tue Oct 02 10:27:17 +0000 2018,0.0,1.0,0.0,"RT @BBCSport: SPOTY is back - and there are some big changes.

The BBC Sports Personality of the Year 2018 contenders will be revealed on t‚Ä¶",8,@BBC
0.6696,Tue Oct 02 10:16:58 +0000 2018,0.0,0.728,0.272,"‚ù§Ô∏èüíÉüèª Ballet is still the love of Joyce's life at 98-years-old! 
#WorldBalletDay https://t.co/nzr3Jy1wbS",9,@BBC
-0.6705,Tue Oct 02 09:22:00 +0000 2018,0.231,0.769,0.0,"Over 300,000 marine animals are killed after becoming entangled in fishing gear every year. 
#DrowningInPlastic‚Ä¶ https://t.co/WmFqGMo8Es",10,@BBC
0.0,Tue Oct 02 09:10:44 +0000 2018,0.0,1.0,0.0,RT @bbccomedy: ‚ÄòThere She Goes‚Äô starring @JefficaHoons and David Tennant comes to @BBCFOUR on October 16th. https://t.co/tH37Wg5TBC,11,@BBC
-0.7964,Tue Oct 02 08:00:09 +0000 2018,0.321,0.679,0.0,"In January 1918, the Spanish flu swept the world and killed more people than WW1. 
#TheFluThatKilled50Million https://t.co/WinYKnWfSA",12,@BBC
0.0,Tue Oct 02 07:05:06 +0000 2018,0.0,1.0,0.0,"üëõ Do you know where your tips go? 

A guide to how tipping works in restaurants.
üëâ https://t.co/CNU4t3iogG https://t.co/7dcsckQwcG",13,@BBC
-0.6486,Tue Oct 02 06:09:05 +0000 2018,0.202,0.798,0.0,"More than half of the world's killer whales could be wiped out by man-made chemicals, scientists say.  https://t.co/w1SaxVchyO",14,@BBC
-0.128,Mon Oct 01 19:00:01 +0000 2018,0.081,0.919,0.0,Wildlife biologist @LizBonnin visits scientists working at the cutting edge of plastics research. She works with le‚Ä¶ https://t.co/rSc4ZR9MEX,15,@BBC
0.0,Mon Oct 01 17:16:04 +0000 2018,0.0,1.0,0.0,"A 19-year-old university student has described his photograph of a white fallow buck sneezing as a ""one-in-a-millio‚Ä¶ https://t.co/A1q3ZEIz2z",16,@BBC
0.7506,Mon Oct 01 16:05:44 +0000 2018,0.0,0.738,0.262,"RT @BBCFood: ü•ï It's World Vegetarian Day and we're celebrating all things veggie. Whether you're looking for a quick lunch, a healthy trayb‚Ä¶",17,@BBC
0.0,Mon Oct 01 15:48:02 +0000 2018,0.0,1.0,0.0,"RT @CBeebiesHQ: Cuddle up cheek to cheek!

Sharon D. Clarke is back for tonight's #BedtimeStory üò¥üìö

The biographical tale of Ella Fitzgeral‚Ä¶",18,@BBC
0.0,Mon Oct 01 15:00:02 +0000 2018,0.0,1.0,0.0,These scientists have found plastic in every area of the Arctic; there are about 225 trillion particles in the whol‚Ä¶ https://t.co/UoKtCXow1b,19,@BBC
0.0,Mon Oct 01 14:01:07 +0000 2018,0.0,1.0,0.0,"An Astrophysicist? A World Traveller? CEO of the British Library? üî≠üìöü§∑

Illustrator Sir Quentin Blake has reimagined‚Ä¶ https://t.co/PqXhCcoHH9",20,@BBC
0.0,Mon Oct 01 13:04:26 +0000 2018,0.0,1.0,0.0,"RT @bbcgetinspired: 'I'm a Muslim woman, I'm visually-impaired and I'm a boxer' ü•äü•ä #GetInspired 

https://t.co/zJorjZokVM",21,@BBC
0.7456,Mon Oct 01 13:03:06 +0000 2018,0.0,0.689,0.311,"üé∂üåü@LadyGaga and Jodie Whittaker playing the #DoctorWho theme tune on the theremin is AMAZING. #TheGNShow

https://t.co/PEwaE9tzNH",22,@BBC
0.128,Mon Oct 01 12:33:03 +0000 2018,0.166,0.642,0.193,"üòÇüòÉüòê Can you spot a fake laugh? 

Take this quiz to find out. üëâ https://t.co/LAFjV5ggf7 https://t.co/sFjlLRwzQK",23,@BBC
-0.5574,Mon Oct 01 12:08:21 +0000 2018,0.205,0.795,0.0,"Geoffrey Hayes, who hosted long-running children's TV show, Rainbow, has died aged 76.
üëâ https://t.co/10XDMpYCiz https://t.co/vPs5odJKqy",24,@BBC
0.7003,Mon Oct 01 11:03:02 +0000 2018,0.0,0.655,0.345,"This Amazing Human uses coffee to give homeless people a second chance. ‚òïÔ∏èüíõ#InternationalCoffeeDay

https://t.co/wOc1ce2B3J",25,@BBC
0.3818,Mon Oct 01 10:03:06 +0000 2018,0.134,0.591,0.274,"Turns out it's *quite* difficult to keep a straight face while testing laughing gas...

https://t.co/nFlgKY7NuY",26,@BBC
-0.7351,Mon Oct 01 09:46:54 +0000 2018,0.237,0.763,0.0,RT @BBCRadio4: We conducted the world's largest survey on loneliness and discovered that 16-24 year olds are the loneliest age group. Read‚Ä¶,27,@BBC
0.0,Mon Oct 01 09:04:02 +0000 2018,0.0,1.0,0.0,"We cannot WAIT for the new Doctor Who series! @bbcdoctorwho #TheGNShow

https://t.co/BkxpymO5Be",28,@BBC
0.7845,Mon Oct 01 08:02:02 +0000 2018,0.0,0.734,0.266,"Start your Monday the right way. Watch Tom Hardy explain to a child why we should love all things equally. üíîüò≠

https://t.co/646n5wwjvL",29,@BBC
-0.7845,Mon Oct 01 07:32:01 +0000 2018,0.434,0.566,0.0,Persistent chemical pollution threatens the future of killer whales. üíî https://t.co/wJJIQj8WLK https://t.co/saSP4leLjt,30,@BBC
-0.872,Mon Oct 01 07:03:05 +0000 2018,0.398,0.602,0.0,"Last year @higeorgeshelley's sister died in an accident. 

He opens up about grief and how to cope.

https://t.co/4SajjiJI6e",31,@BBC
0.4753,Sun Sep 30 20:21:03 +0000 2018,0.0,0.843,0.157,"RT @BBCOne: ‚ÄúI see women out with their babies walking around like it‚Äôs nothing‚Ä¶ I just want to yell out at them, ‚ÄúYou‚Äôre amazing!‚Äù @Jenna_‚Ä¶",32,@BBC
0.6239,Sun Sep 30 19:39:53 +0000 2018,0.0,0.687,0.313,RT @bbcstrictly: Wow. #Strictly Movie Week looks wand-erful! üßô‚Äç‚ôÇÔ∏è‚ú® https://t.co/3Iko29h06s,33,@BBC
0.0,Sun Sep 30 19:03:02 +0000 2018,0.0,1.0,0.0,"A mother‚Äôs life disintegrates while the world looks on. 

#TheCry | 9pm | @BBCOne | https://t.co/hDRdVsMamq https://t.co/2SrLnoKGLi",34,@BBC
0.0,Sun Sep 30 17:16:03 +0000 2018,0.0,1.0,0.0,Tonight it's the first @BBCStrictly results show! Find out which couples have made it through and which two will be‚Ä¶ https://t.co/vytPpS8tTl,35,@BBC
0.5106,Sun Sep 30 16:22:42 +0000 2018,0.063,0.769,0.167,"RT @BBCOne: #TheCry ""is the perfect replacement for #Bodyguard, a twisting, turning whodunit that leaves you questioning everybody."" The Te‚Ä¶",36,@BBC
0.4574,Sun Sep 30 16:22:25 +0000 2018,0.0,0.875,0.125,"RT @BBCOne: To mark 30 years in music, we‚Äôre making a @takethat documentary special and WE NEED YOU! 

Head to https://t.co/WiKSYB8coP to s‚Ä¶",37,@BBC
0.0,Sun Sep 30 16:01:09 +0000 2018,0.113,0.773,0.113,"üï∫‚ú® @Joe_Sugg says he worried that he was the 'joke act' in this year's #Strictly. 

https://t.co/FmKBnEJeoX https://t.co/O1GfHHBJud",38,@BBC
0.0,Sun Sep 30 15:03:03 +0000 2018,0.0,1.0,0.0,"This is the incredible story of how London dug the Victoria Line! üöá

https://t.co/F8MsetBclS",39,@BBC
-0.296,Sun Sep 30 14:02:04 +0000 2018,0.099,0.901,0.0,"In Japan, 'aki no koe' refers to autumn's voice, which incorporates all the sounds of the season: the wind rustling‚Ä¶ https://t.co/2fynWfK1Wu",40,@BBC
0.0,Sun Sep 30 13:06:04 +0000 2018,0.0,1.0,0.0,"""Dyslexia tries to kick my butt daily - but I won't let it beat me"". 

https://t.co/EmtRJC2V5G",41,@BBC
0.0,Sun Sep 30 12:44:04 +0000 2018,0.0,1.0,0.0,Kanye West is changing his name... to Ye. https://t.co/TMRrrzJuKX https://t.co/0ZkgnEbFkA,42,@BBC
0.0,Sun Sep 30 12:31:04 +0000 2018,0.0,1.0,0.0,The lush green mosses of East Antarctica are finally succumbing to climate change. üíî https://t.co/z7j8jcx6TO https://t.co/r7C9gypVhC,43,@BBC
0.1531,Sun Sep 30 11:02:01 +0000 2018,0.0,0.873,0.127,"Going on a night out can be challenging when you're a wheelchair user. 

https://t.co/YvvQ1SnosW",44,@BBC
-0.7783,Sun Sep 30 10:00:00 +0000 2018,0.274,0.726,0.0,"This is disgusting. üòî

The Citarum River in Indonesia is one of the dirtiest rivers in the world. 

Plastic polluti‚Ä¶ https://t.co/F6z2NpXseT",45,@BBC
0.0,Sun Sep 30 09:04:02 +0000 2018,0.0,1.0,0.0,"üêª Say hello to Kyra the sun bear... 

https://t.co/UvDxsG3QO1",46,@BBC
-0.5994,Sun Sep 30 08:30:16 +0000 2018,0.302,0.698,0.0,RT @BBCWorld: Indonesia quake death toll 'at least 832' https://t.co/1VCcXxRrR4,47,@BBC
0.0,Sun Sep 30 07:31:05 +0000 2018,0.124,0.752,0.124,"For children with autism, the stress of taking photos can be overwhelming. To make things easier, eight-year-old Le‚Ä¶ https://t.co/U3hpweRK0D",48,@BBC
0.5859,Sun Sep 30 07:04:02 +0000 2018,0.0,0.703,0.297,"This. Is. Amazing. üòÆ

Introducing the World Pole Climbing Championships...

https://t.co/osulkhFFhQ",49,@BBC
0.4215,Sat Sep 29 20:32:03 +0000 2018,0.0,0.743,0.257,Chile has launched a huge hiking route through its Patagonian wilderness. üå≤üòçüèî  https://t.co/WFIcKZe5Hv https://t.co/RLKjTx2Emo,50,@BBC
0.4215,Sat Sep 29 17:02:12 +0000 2018,0.0,0.865,0.135,üê£üòç Conservationists have been monitoring the progress of rare Leach's storm petrel chicks on the remote Scottish ar‚Ä¶ https://t.co/KzMHUIysAO,51,@BBC
-0.7003,Sat Sep 29 16:01:07 +0000 2018,0.293,0.707,0.0,"'My children bought back the car I sold to pay for wife's cancer treatment'. ‚ù§Ô∏èÔ∏èüöò

https://t.co/xOJwzbgGlE https://t.co/Tx3WYCkCXu",52,@BBC
0.5499,Sat Sep 29 15:54:38 +0000 2018,0.0,0.871,0.129,"RT @BBCEngland: Benny the beluga whale is spending his fifth day in the Thames but appears to be healthy and swimming normally, the Port of‚Ä¶",53,@BBC
0.7088,Sat Sep 29 15:02:04 +0000 2018,0.0,0.671,0.329,"Always start by playing paper! üëä‚úã‚úåÔ∏è

This is how to win at rock-paper-scissors... 

https://t.co/2VzUFq74FT",54,@BBC
0.0,Sat Sep 29 14:03:07 +0000 2018,0.0,1.0,0.0,"'What do I know her from again?' ü§îüì∫

These are the TV actors who pop up in everything. https://t.co/XLQBs5bE5p https://t.co/DJWV8U3OhY",55,@BBC
-0.5256,Sat Sep 29 13:01:07 +0000 2018,0.253,0.747,0.0,"This is the world's most dangerous city to be a woman. 

https://t.co/v1qrWFF6B6",56,@BBC
-0.5622,Sat Sep 29 11:03:02 +0000 2018,0.232,0.768,0.0,"""New York City is underwhelming"". üò≥üò≥üò≥
 
#UnpopularOpinion was HARSH this week. üòÇ @gregjames

https://t.co/pSz5eP8YbR",57,@BBC
0.4939,Sat Sep 29 10:03:05 +0000 2018,0.0,0.819,0.181,"What's it like growing up with tourettes?

Brother and sister Jack and Rebecca describe how people react to their t‚Ä¶ https://t.co/VXY3jdCbEu",58,@BBC
-0.5267,Sat Sep 29 09:01:02 +0000 2018,0.254,0.746,0.0,"This school became a national leader by focusing on a neglected subject... 

https://t.co/5c7iSPT3rc",59,@BBC
0.6808,Sat Sep 29 08:11:46 +0000 2018,0.0,0.763,0.237,RT @BBCOne: .@LadyGaga &amp; Jodie Whittaker playing the #DoctorWho theme tune on the theremin is a joy to behold. #TheGNShow https://t.co/0aLu‚Ä¶,60,@BBC
-0.1022,Sat Sep 29 08:05:03 +0000 2018,0.165,0.691,0.144,"""I've broken around 80 bones"". üò¨üè•

Meet the man who can't feel pain. üëâ https://t.co/6qsfeQmIct https://t.co/6jXkhYCTza",61,@BBC
0.0,Sat Sep 29 07:03:06 +0000 2018,0.0,1.0,0.0,"Say hello to baby Omo, a rare albino squirrel... üòçüêøÔ∏è

https://t.co/FVppFQSOJw",62,@BBC
0.0,Sat Sep 29 06:31:00 +0000 2018,0.0,1.0,0.0,"Over the last 50 years, the flesh-footed shearwater population has dropped by 30%.

Plastic is a major cause of the‚Ä¶ https://t.co/827iYwzryJ",63,@BBC
0.3595,Fri Sep 28 20:31:03 +0000 2018,0.0,0.865,0.135,"The Graham Norton Show is back! Tonight Bradley Cooper, @ladygaga, Jodie Whittaker and @ryangosling join @grahnort‚Ä¶ https://t.co/prBbKLrkaO",64,@BBC
-0.126,Fri Sep 28 18:32:03 +0000 2018,0.089,0.846,0.065,"It's the Celebrity MasterChef final! After six gruelling weeks, just two tough challenges stand between the three r‚Ä¶ https://t.co/mLCixMGG8v",65,@BBC
0.4215,Fri Sep 28 16:03:07 +0000 2018,0.0,0.714,0.286,"Science has confirmed: cats are nice. üòª

https://t.co/nTtAUxYl6v https://t.co/kI8XYPICjA",66,@BBC
0.1531,Fri Sep 28 15:01:02 +0000 2018,0.0,0.882,0.118,"üòÆüêô You need to watch this seal slap a man with an octopus... 

https://t.co/Njn1fsWeXX",67,@BBC
0.0,Fri Sep 28 14:03:07 +0000 2018,0.0,1.0,0.0,In pictures: Politician mothers take their babies to work. üë∂üì∑ https://t.co/wZ4NmFwkOn https://t.co/BTtyJu1WSX,68,@BBC
-0.5346,Fri Sep 28 12:33:00 +0000 2018,0.345,0.478,0.177,"Why do we love bees, but hate wasps? https://t.co/2CM65SLLyE",69,@BBC
0.6597,Fri Sep 28 11:04:06 +0000 2018,0.088,0.669,0.243,"What kind of snack would you be? ü§î

Kids asking Tom Hardy difficult questions is the best thing you'll see today. üòÇ‚Ä¶ https://t.co/8iFXGQhKlz",70,@BBC
0.0,Fri Sep 28 10:24:29 +0000 2018,0.0,1.0,0.0,"RT @BBCWomansHour: The üö®TOP 10üö® #WomenInMusic on the #WHPowerList have been revealed! üåü Featuring the most iconic performers, heads of labe‚Ä¶",71,@BBC
-0.296,Fri Sep 28 10:02:06 +0000 2018,0.128,0.872,0.0,"‚ù§Ô∏è This story of a missing 49-year-old father is the most moving thing you'll watch today. 

https://t.co/8CYggzS9Hj",72,@BBC
0.5719,Fri Sep 28 09:40:18 +0000 2018,0.0,0.829,0.171,"RT @bbcmusic: How are you celebrating #BBCMusicDay today? 

Here's 9 Things to watch out for, including @George_Ezra reading a bedtime stor‚Ä¶",73,@BBC
-0.5994,Fri Sep 28 09:04:01 +0000 2018,0.262,0.738,0.0,"How would you cope if you knew how you might die?

https://t.co/VbAFmeDCXQ",74,@BBC
0.5859,Fri Sep 28 08:04:02 +0000 2018,0.0,0.798,0.202,"Eggs as conditioner? ü•öü§∑

Experts rate the beauty tips that our mums swore by. üëâ https://t.co/HGSuMbUNOj https://t.co/uoUg0LYfQp",75,@BBC
0.3818,Fri Sep 28 07:32:06 +0000 2018,0.0,0.867,0.133,"Are children getting too much homework in the UK? üìöüñç

Comedian @robdelaney says kids' workload is ""madness"".‚Ä¶ https://t.co/i16FsfwKNb",76,@BBC
0.6808,Fri Sep 28 07:01:05 +0000 2018,0.0,0.714,0.286,"Here's some useful advice on how you can help hedgehogs at this time of year. ü¶î

https://t.co/TKgF4H0ktl",77,@BBC
0.2263,Thu Sep 27 17:02:07 +0000 2018,0.089,0.756,0.155,"This is the quiz where you have to play the answer as well as say it. Famous faces battle it out, testing their ski‚Ä¶ https://t.co/WXXa78QNdD",78,@BBC
-0.128,Thu Sep 27 16:03:09 +0000 2018,0.067,0.933,0.0,Got a bag of frozen peas lurking at the back of the freezer? Here are 7 things you can do with them. üòãüç¥‚Ä¶ https://t.co/innpVg70hh,79,@BBC
-0.5574,Thu Sep 27 15:31:07 +0000 2018,0.194,0.806,0.0,"John Cunliffe, creator of Postman Pat and Rosie and Jim, has died aged 85. https://t.co/OoHcAgZsu5 https://t.co/PEwPmaItNP",80,@BBC
0.5719,Thu Sep 27 15:06:35 +0000 2018,0.0,0.829,0.171,"Flying squirrels are secretive creatures but if you're lucky, you might meet one. Or two. Or three. üòÆüêø

https://t.co/vx8aM2dHRt",81,@BBC
-0.4201,Thu Sep 27 14:03:05 +0000 2018,0.117,0.883,0.0,"""It's very difficult not to tie your self-worth to the size of your audience"".

@hankgreen on the darker side of in‚Ä¶ https://t.co/EF0u3XM6Nj",82,@BBC
0.4939,Thu Sep 27 13:46:00 +0000 2018,0.0,0.878,0.122,"If half of the UK switched to reusable water bottles, we'd save enough plastic to stretch to the moon and back in j‚Ä¶ https://t.co/HEtqsCQbly",83,@BBC
0.0,Thu Sep 27 13:10:27 +0000 2018,0.0,1.0,0.0,RT @BBCNews: Postman Pat and Rosie and Jim author John Cunliffe dies https://t.co/VPI0iFKwaA,84,@BBC
-0.4019,Thu Sep 27 13:03:06 +0000 2018,0.299,0.476,0.225,"""Dear haters, you're going to hate this."" 

Oliver reacts to Scotland's 'Dear Transphobes' campaign.

https://t.co/uayhqEP7jP",85,@BBC
0.0,Thu Sep 27 12:32:06 +0000 2018,0.0,1.0,0.0,"What a moment! üòÆ üêô

A man has been filmed being slapped in the face with a large octopus thrown by a seal. üëâ‚Ä¶ https://t.co/QxUgZSSXnX",86,@BBC
-0.5267,Thu Sep 27 11:03:03 +0000 2018,0.236,0.764,0.0,"Millions of seahorses are caught every year, threatening their global survival. üíî

https://t.co/CUYoiiYtXa",87,@BBC
0.0,Thu Sep 27 10:44:32 +0000 2018,0.0,1.0,0.0,"RT @BBCTwo: BBC Two just got a brand new look.

Check out some of our new Idents in all their glory‚Ä¶

More info here: https://t.co/5WJBbgGY‚Ä¶",88,@BBC
-0.4753,Thu Sep 27 10:02:02 +0000 2018,0.154,0.846,0.0,"We feel for Deirdre trying to answer some of these... it's unlikely Agony Aunt letters! ‚úâÔ∏èüòÇ #MockTheWeek

https://t.co/iUev3YVy9v",89,@BBC
0.8697,Thu Sep 27 09:04:05 +0000 2018,0.0,0.62,0.38,"Talk about an anticlimax!

When these rescue workers were called to save a drowning man, they got a HUGE surprise..‚Ä¶ https://t.co/PAVPpirEj0",90,@BBC
0.6369,Thu Sep 27 08:04:04 +0000 2018,0.0,0.794,0.206,"""It was probably the end of the night and I was definitely ready for my bed."" üòÇ

When a photo of you in a nightclub‚Ä¶ https://t.co/asnG7gQrC9",91,@BBC
0.5411,Thu Sep 27 07:32:04 +0000 2018,0.0,0.821,0.179,"Up, up and away! These enormous kites took to the sky at a festival in Germany. üå¨  https://t.co/HSIAQAQQE9 https://t.co/iIWX5ERx8I",92,@BBC
0.5551,Thu Sep 27 07:04:02 +0000 2018,0.0,0.661,0.339,"So cute! üòçüê£ Meet Germany's 'Papa Goose'... 

https://t.co/3NtLqZQcnm",93,@BBC
0.0,Wed Sep 26 20:03:06 +0000 2018,0.0,1.0,0.0,The 14th Century house used as the birthplace of Harry Potter is still up for sale. ‚ö°Ô∏èüìñ  https://t.co/dcspAsDKrg https://t.co/NEOGYEkwBr,94,@BBC
0.0,Wed Sep 26 19:07:05 +0000 2018,0.0,1.0,0.0,"üì¨Do not post crisp packets to Walkers, says Royal Mail ‚û°Ô∏è

https://t.co/3JbgtRfiBQ https://t.co/VWRXGKC9nJ",95,@BBC
0.0,Wed Sep 26 16:02:05 +0000 2018,0.0,1.0,0.0,"Did the Duchess of Sussex break protocol when she closed her car door? 

https://t.co/o2n2k0msfU https://t.co/qYmnjcI0ZM",96,@BBC
0.659,Wed Sep 26 15:03:05 +0000 2018,0.0,0.597,0.403,"This puffer fish creates something absolutely breathtaking. üê°üò≤ #LifeStory 

https://t.co/mxU7VERaCI",97,@BBC
-0.25,Wed Sep 26 14:04:00 +0000 2018,0.083,0.917,0.0,"RT @bbcweather: From today, night is longer than day. üåÉ/‚òÄ and the darkness is increasing at a rate of 4/5mins a day. Jo #Autumn https://t.c‚Ä¶",98,@BBC
0.0,Wed Sep 26 14:03:03 +0000 2018,0.0,1.0,0.0,"Archaeologists have found a 400-year-old shipwreck off the coast of Portugal, in what one specialist called the ""di‚Ä¶ https://t.co/YP9fuo5Iz7",99,@BBC
-0.5719,Wed Oct 03 00:11:05 +0000 2018,0.171,0.829,0.0,"Facebook says it has not found any evidence ""so far"" that its attackers accessed third-party sites through Facebook‚Ä¶ https://t.co/XQT22eBMke",0,@CNN
0.0,Wed Oct 03 00:09:48 +0000 2018,0.0,1.0,0.0,"The world's first full-scale Hyperloop passenger capsule has been revealed, and it could be the future of travel‚Ä¶ https://t.co/e2vOPKN0af",1,@CNN
-0.128,Wed Oct 03 00:06:05 +0000 2018,0.121,0.788,0.091,The obvious contradiction at the heart of Brett Kavanaugh's drinking defense | Analysis by @CillizzaCNN‚Ä¶ https://t.co/zAM2AYUigr,2,@CNN
0.2732,Wed Oct 03 00:01:05 +0000 2018,0.0,0.877,0.123,The FDA recently conducted a surprise inspection of e-cigarette maker Juul's corporate headquarters in San Francisc‚Ä¶ https://t.co/9QhAHhPEiI,3,@CNN
0.0,Tue Oct 02 23:58:13 +0000 2018,0.0,1.0,0.0,"President Trump speaks at a rally in Southaven, Mississippi. Follow live updates: https://t.co/q6PCU8sRLh https://t.co/cuuoDTRpJe",4,@CNN
-0.3182,Tue Oct 02 23:57:21 +0000 2018,0.144,0.76,0.095,"RT @OutFrontCNN: Democratic Rep. Lloyd Doggett says President Trump's denial of the NYT report on alleged tax fraud sounds like ""every othe‚Ä¶",5,@CNN
0.4939,Tue Oct 02 23:57:11 +0000 2018,0.0,0.833,0.167,How to show Trump you care about climate change | By Washington Gov. Jay Inslee via @CNNOpinion‚Ä¶ https://t.co/V7kmdnNhzv,6,@CNN
-0.2263,Tue Oct 02 23:55:34 +0000 2018,0.095,0.905,0.0,An envelope addressed to President Trump contained a substance suspected to be ricin and appeared to be connected t‚Ä¶ https://t.co/A9QnutHDCY,7,@CNN
-0.0772,Tue Oct 02 23:50:47 +0000 2018,0.127,0.759,0.114,"RT @OutFrontCNN: ""It's unfortunate that instead of exercising oversight, this Republican congress is only engaged in overlook. These are th‚Ä¶",8,@CNN
0.0,Tue Oct 02 23:50:38 +0000 2018,0.0,1.0,0.0,"800,000 people registered to vote on National Voter Registration Day this year, breaking a previous record‚Ä¶ https://t.co/hbXhn2CxLc",9,@CNN
0.0,Tue Oct 02 23:45:44 +0000 2018,0.0,1.0,0.0,RT @CNNPolitics: President Donald Trump speaks at a rally in Mississippi. Follow for live updates https://t.co/hKoxKMzkbz https://t.co/ZbQq‚Ä¶,10,@CNN
0.0762,Tue Oct 02 23:43:12 +0000 2018,0.0,0.953,0.047,"RT @OutFrontCNN: ""Fred Trump for years, for his life was famous for not wanting to pay taxes. And I think he passed that gene down to his s‚Ä¶",11,@CNN
0.2263,Tue Oct 02 23:41:34 +0000 2018,0.0,0.917,0.083,"Thailand's Maya Bay, made popular by the film ""The Beach,"" was due to reopen this month, but now will remain closed‚Ä¶ https://t.co/IvaAjDbZrR",12,@CNN
0.0,Tue Oct 02 23:41:03 +0000 2018,0.0,1.0,0.0,Senate Majority Leader Mitch McConnell said the release of an FBI report on allegations against Brett Kavanaugh wil‚Ä¶ https://t.co/VUsCfacfqO,13,@CNN
-0.743,Tue Oct 02 23:38:28 +0000 2018,0.231,0.769,0.0,"RT @CNNSitRoom: Is Trump not the self-made man he says? #NYT reports the President used ""dubious tax schemes"" and ""outright fraud"" to grow‚Ä¶",14,@CNN
0.3724,Tue Oct 02 23:38:17 +0000 2018,0.0,0.904,0.096,"RT @CNNSitRoom: ""There's nothing wrong with inheriting money from your family. The question is: how did it get there, and was it done in su‚Ä¶",15,@CNN
0.5106,Tue Oct 02 23:31:05 +0000 2018,0.0,0.858,0.142,"Which world leader do people trust most? Here are findings from a new global survey by the Pew Research Center.

An‚Ä¶ https://t.co/6po9IQPSEv",16,@CNN
0.0,Tue Oct 02 23:22:09 +0000 2018,0.0,1.0,0.0,"RT @OutFrontCNN: President Trump received today's equivalent of at least $413 million from his father, according to an analysis from The Ne‚Ä¶",17,@CNN
-0.1027,Tue Oct 02 23:22:02 +0000 2018,0.055,0.945,0.0,"RT @CNNSitRoom: ""It was my expectation both Judge Kavanaugh and Dr. Ford would be questioned by the FBI, and then they would pursue any lea‚Ä¶",18,@CNN
0.0,Tue Oct 02 23:21:06 +0000 2018,0.0,1.0,0.0,"Laquan McDonald's face was expressionless as the teenager kept advancing, holding a knife, Chicago police Officer J‚Ä¶ https://t.co/jfR4hkQwDH",19,@CNN
0.0,Tue Oct 02 23:16:34 +0000 2018,0.0,1.0,0.0,"Christine Blasey Ford's attorneys sent a letter to FBI Director Christopher Wray requesting a call, saying they ""ha‚Ä¶ https://t.co/sI3hdKDp23",20,@CNN
0.1531,Tue Oct 02 23:11:03 +0000 2018,0.105,0.726,0.169,"The United States admitted 22,491 refugees in the last fiscal year -- one of the country's lowest amounts on record‚Ä¶ https://t.co/v4CKuQc3mP",21,@CNN
-0.0772,Tue Oct 02 23:08:52 +0000 2018,0.187,0.677,0.135,Real Madrid fell victim to the first major shock of this season's Champions League as the three-time defending cham‚Ä¶ https://t.co/YEhVBwDlqd,22,@CNN
-0.7096,Tue Oct 02 23:02:30 +0000 2018,0.237,0.763,0.0,"""How many stories of sexual violence do you need to hear in order to believe women?"" Activists confronted 3 GOP sen‚Ä¶ https://t.co/5HqcjVquEN",23,@CNN
0.4019,Tue Oct 02 22:51:01 +0000 2018,0.0,0.876,0.124,"Jason Kander, a rising star within the Democratic Party, has announced he is ending his campaign for Kansas City ma‚Ä¶ https://t.co/jE2ePpbXm9",24,@CNN
0.0,Tue Oct 02 22:45:37 +0000 2018,0.0,1.0,0.0,Reddit co-founder Alexis Ohanian's venture capital firm has raised an additional $225 million to invest in early-st‚Ä¶ https://t.co/Tt6tItdgxC,25,@CNN
0.296,Tue Oct 02 22:41:03 +0000 2018,0.0,0.885,0.115,"The ""presidential alert"" headed to Americans' cell phones won't actually be written by President Trump, FEMA says‚Ä¶ https://t.co/SiwRblj4fh",26,@CNN
0.4019,Tue Oct 02 22:31:08 +0000 2018,0.0,0.748,0.252,"Microsoft unveils new Surface devices, smart headphones https://t.co/X8tcUUUk5v https://t.co/6sPQGiBGaG",27,@CNN
0.0,Tue Oct 02 22:25:08 +0000 2018,0.0,1.0,0.0,Is intermittent fasting the key to living longer? @drsanjaygupta will be on Full Circle to answer your questions ab‚Ä¶ https://t.co/ccSe8WTd0b,28,@CNN
0.7964,Tue Oct 02 22:21:06 +0000 2018,0.0,0.693,0.307,"President Trump expressed guarded optimism his Supreme Court nominee Brett Kavanaugh will soon be confirmed, even a‚Ä¶ https://t.co/4LXKSPAjRw",29,@CNN
0.0,Tue Oct 02 22:11:00 +0000 2018,0.0,1.0,0.0,Brazilian surfer Maya Gabeira just set a new Guinness World Record for the largest wave ever surfed by a woman‚Ä¶ https://t.co/RzRUuk8Q8O,30,@CNN
-0.5267,Tue Oct 02 22:01:06 +0000 2018,0.152,0.848,0.0,"Kyle Freeny and Brandon Van Grack, two prosecutors who worked on Paul Manafort's criminal cases, are ending their t‚Ä¶ https://t.co/ap8z1hNQaP",31,@CNN
0.296,Tue Oct 02 21:58:53 +0000 2018,0.096,0.76,0.144,"RT @CNNPolitics: Alaska natives are pressuring key Republican Sen. Lisa Murkowski to vote 'no' on Supreme Court nominee Brett Kavanaugh: ""S‚Ä¶",32,@CNN
-0.5423,Tue Oct 02 21:56:06 +0000 2018,0.328,0.526,0.146,The Supreme Court has refused to block former supermodel Janice Dickinson's defamation case against disgraced comic‚Ä¶ https://t.co/4Zoxk7fPHx,33,@CNN
0.0,Tue Oct 02 21:53:06 +0000 2018,0.0,1.0,0.0,Is intermittent fasting the key to living longer? @drsanjaygupta will be on Full Circle to answer your questions ab‚Ä¶ https://t.co/W4eK8Gpty8,34,@CNN
0.2732,Tue Oct 02 21:50:51 +0000 2018,0.0,0.905,0.095,RT @CNNPolitics: Melania Trump is greeted in Ghana as she embarks on her first solo trip as first lady https://t.co/KigXzo5pb0 https://t.co‚Ä¶,35,@CNN
-0.4404,Tue Oct 02 21:50:45 +0000 2018,0.121,0.879,0.0,"Donte Palmer isn't the only dad who's had to squat on a dirty restroom floor to change his baby's diaper.

He's jus‚Ä¶ https://t.co/gfdB4utAC1",36,@CNN
0.0,Tue Oct 02 21:50:06 +0000 2018,0.0,1.0,0.0,RT @CNNPolitics: CNN Key Races: A blue state complicates Democrats' Senate math | Analysis by CNN's Z. Byron Wolf https://t.co/toj0yrYPfU h‚Ä¶,37,@CNN
0.0,Tue Oct 02 21:47:56 +0000 2018,0.0,1.0,0.0,RT @AC360: Is intermittent fasting the key to living longer? @drsanjaygupta joins Anderson Cooper Full Circle to answer your questions abou‚Ä¶,38,@CNN
-0.128,Tue Oct 02 21:46:00 +0000 2018,0.077,0.923,0.0,"This district in West Virginia voted overwhelmingly for President Trump in the 2016 election. But now, a Democrat n‚Ä¶ https://t.co/knceeRsNaF",39,@CNN
-0.3182,Tue Oct 02 21:41:05 +0000 2018,0.133,0.867,0.0,"Rachel Mitchell did sex-crime victims a disservice | By Elie Honig, a former federal and state prosecutor, via‚Ä¶ https://t.co/ehGMVSbtva",40,@CNN
-0.5106,Tue Oct 02 21:36:05 +0000 2018,0.301,0.699,0.0,Emma Stone opens up about her ongoing battle with anxiety https://t.co/79Jo87rU8Z https://t.co/s25aivZc4K,41,@CNN
0.0,Tue Oct 02 21:33:20 +0000 2018,0.0,1.0,0.0,Secretary of State Mike Pompeo will travel to North Korea this weekend and meet with dictator Kim Jong Un in Pyongy‚Ä¶ https://t.co/GnpIJqXuB1,42,@CNN
0.0,Tue Oct 02 21:31:06 +0000 2018,0.0,1.0,0.0,JCPenney names Jill Soltau as its new CEO https://t.co/RtV2ZksNtp https://t.co/olQHyLfZ3n,43,@CNN
0.0,Tue Oct 02 21:27:53 +0000 2018,0.0,1.0,0.0,RT @TheLeadCNN: Former Secretary of State and Senator @JohnKerry said he believed the ‚Äúfix‚Äù was in on Kavanaugh‚Äôs confirmation because of t‚Ä¶,44,@CNN
-0.296,Tue Oct 02 21:21:05 +0000 2018,0.121,0.879,0.0,"French Interior Minister Gerard Collomb has submitted his resignation to President Emmanuel Macron, according to sp‚Ä¶ https://t.co/rgN3DPi2TE",45,@CNN
0.296,Tue Oct 02 21:12:08 +0000 2018,0.0,0.905,0.095,"RT @TheLeadCNN: New York Times reporter Russ Buettner reports that President Trump made millions by helping his family dodge taxes, and tha‚Ä¶",46,@CNN
0.5574,Tue Oct 02 21:11:07 +0000 2018,0.0,0.833,0.167,"Sen. Lisa Murkowski, a key swing vote on Brett Kavanaugh's Supreme Court nomination, indicated that she plans to ""w‚Ä¶ https://t.co/brhgHDmEAa",47,@CNN
0.0,Tue Oct 02 21:11:04 +0000 2018,0.0,1.0,0.0,"President Trump received today's equivalent of at least $413 million from his father, according to an analysis from‚Ä¶ https://t.co/hf8I1use1C",48,@CNN
0.0,Tue Oct 02 21:06:06 +0000 2018,0.0,1.0,0.0,"Apple is finally getting a llama emoji -- and a raccoon, bagel, frisbee and mosquito, too. Here's what to know abou‚Ä¶ https://t.co/WyOLIDxxmW",49,@CNN
0.0,Tue Oct 02 21:01:05 +0000 2018,0.0,1.0,0.0,S&amp;P downgrades debt-riddled GE and GE Capital https://t.co/JVYUcCojGQ https://t.co/l0VYeJPWWg,50,@CNN
0.6249,Tue Oct 02 20:51:03 +0000 2018,0.0,0.758,0.242,The United Nations agency responsible for looking after Palestinian refugees has pulled some of its international s‚Ä¶ https://t.co/lbnXZyG39o,51,@CNN
-0.296,Tue Oct 02 20:41:02 +0000 2018,0.104,0.896,0.0,The organization that oversees Georgia high school sports said that there is no evidence of negligence in the death‚Ä¶ https://t.co/eGC4qVnTDU,52,@CNN
0.7003,Tue Oct 02 20:34:42 +0000 2018,0.0,0.726,0.274,Sen. Bernie Sanders praises Jeff Bezos after Amazon announced it is raising its minimum wage at both Amazon and Who‚Ä¶ https://t.co/UmiEakLw26,53,@CNN
-0.34,Tue Oct 02 20:31:07 +0000 2018,0.13,0.87,0.0,An off-duty border patrol agent planned to shoot a rifle at a target containing a highly explosive substance reveal‚Ä¶ https://t.co/93lZ8OLYsY,54,@CNN
0.0,Tue Oct 02 20:23:29 +0000 2018,0.0,1.0,0.0,"RT @CNNnewsroom: ""The performance, the behavior, was quite out of bounds,"" says @HillaryClinton, of Brett Kavanaugh's hearing, adding ""ther‚Ä¶",55,@CNN
-0.5859,Tue Oct 02 20:21:06 +0000 2018,0.255,0.745,0.0,"Roger Stone built a ""dirty trickster"" image. Now Robert Mueller might build a case on it https://t.co/wK9kAPZ9Tt https://t.co/GKiyqoSmgM",56,@CNN
0.0,Tue Oct 02 20:11:05 +0000 2018,0.0,1.0,0.0,"The New York Times said it should not have allowed a staff writer who had tweeted negatively about Brett Kavanaugh,‚Ä¶ https://t.co/LscfaTCDoS",57,@CNN
0.1779,Tue Oct 02 20:01:06 +0000 2018,0.067,0.837,0.096,"There‚Äôs no way to know the fate of Brett Kavanaugh‚Äôs Supreme Court nomination, but here are four ways it could play‚Ä¶ https://t.co/og7j03QBso",58,@CNN
0.0,Tue Oct 02 20:00:44 +0000 2018,0.0,1.0,0.0,"RT @CNNnewsroom: ‚ÄúThe processes in place in the Senate were followed, the same way as they should be now,‚Äù says @SenatorRounds of compariso‚Ä¶",59,@CNN
0.4215,Tue Oct 02 19:51:04 +0000 2018,0.0,0.887,0.113,Tencent Music has filed plans to go public in the United States in what could be one the biggest IPOs by a Chinese‚Ä¶ https://t.co/ydZ6GkewGn,60,@CNN
-0.4767,Tue Oct 02 19:41:03 +0000 2018,0.147,0.853,0.0,"A dean at the Catholic University of America has been suspended over tweets that ""called into question the validity‚Ä¶ https://t.co/QsBUkmRwGg",61,@CNN
0.0,Tue Oct 02 19:35:09 +0000 2018,0.0,1.0,0.0,"RT @CNNnewsroom: ‚ÄúThe FBI needs to do a full investigation determining his veracity,‚Äù says Sen. @BernieSanders of the FBI‚Äôs Kavanaugh probe‚Ä¶",62,@CNN
0.5574,Tue Oct 02 19:34:49 +0000 2018,0.0,0.854,0.146,RT @CNNPolitics: The fate of Brett Kavanaugh‚Äôs Supreme Court nomination is a complete toss-up right now. Watch The Point with CNN‚Äôs Chris C‚Ä¶,63,@CNN
0.0772,Tue Oct 02 19:31:00 +0000 2018,0.0,0.936,0.064,The Emerald Bay Maritime Heritage Trail just opened to scuba divers and snorkelers who want to see sunken historic‚Ä¶ https://t.co/dmQgoV0YAl,64,@CNN
-0.6249,Tue Oct 02 19:29:41 +0000 2018,0.242,0.758,0.0,"Four men have been charged with inciting rioting and assaulting counterprotesters at last year's deadly ""Unite the‚Ä¶ https://t.co/JshchPAyBY",65,@CNN
0.1779,Tue Oct 02 19:21:07 +0000 2018,0.115,0.737,0.147,"Sen. Bernie Sanders, who has previously criticized Amazon's treatment of its workers, praised CEO Jeff Bezos Tuesda‚Ä¶ https://t.co/OQaWxDaspA",66,@CNN
0.0,Tue Oct 02 19:14:18 +0000 2018,0.0,1.0,0.0,President Trump is speaking at a convention for the National Electrical Contractors Association. Watch on Facebook:‚Ä¶ https://t.co/HrQ4JXLc2S,67,@CNN
-0.296,Tue Oct 02 19:10:46 +0000 2018,0.155,0.845,0.0,Donald Trump's Stormy Daniels story just keeps collapsing | Analysis by @CillizzaCNN https://t.co/sGLK7MEB1T https://t.co/216tUqje2H,68,@CNN
-0.7425,Tue Oct 02 19:05:16 +0000 2018,0.222,0.778,0.0,"Trump: ""It is a very scary time for young men in America, where you can be guilty of something you may not be guilt‚Ä¶ https://t.co/l2pxQXaJmr",69,@CNN
0.5106,Tue Oct 02 18:52:18 +0000 2018,0.0,0.845,0.155,"Sen. Graham on Brett Kavanaugh: ""If his nomination were to fall short, I would encourage President Trump to re-nomi‚Ä¶ https://t.co/AyJv6IRgGn",70,@CNN
0.6757,Tue Oct 02 18:41:14 +0000 2018,0.0,0.754,0.246,Sen. Lindsey Graham said he believes Supreme Court nominee Brett Kavanaugh will be confirmed ‚Äî but he encouraged Pr‚Ä¶ https://t.co/mpnKdMNqRY,71,@CNN
0.5106,Tue Oct 02 18:40:05 +0000 2018,0.0,0.87,0.13,More than 100 people who survived the Las Vegas shooting one year ago gathered Monday night at the site of the Rout‚Ä¶ https://t.co/4YlRHldgC7,72,@CNN
0.0,Tue Oct 02 18:30:05 +0000 2018,0.117,0.765,0.117,Texas Senate candidate Beto O'Rourke apologized Monday for once writing a critical review of a Broadway musical in‚Ä¶ https://t.co/2zdNpePx4s,73,@CNN
0.5574,Tue Oct 02 18:20:06 +0000 2018,0.0,0.841,0.159,Supreme Court nominee Brett Kavanaugh will not be teaching at Harvard Law School in January 2019. The school inform‚Ä¶ https://t.co/D0sUrwu6oa,74,@CNN
-0.4215,Tue Oct 02 18:10:09 +0000 2018,0.157,0.843,0.0,Police say two men broke into a UPS facility in Memphis and stole 400 guns https://t.co/2wHXR0vrFs https://t.co/18VuKDenZW,75,@CNN
0.0,Tue Oct 02 18:00:22 +0000 2018,0.0,1.0,0.0,"The oldest known animal in the geological record has been identified, in a discovery that scientists are calling ""t‚Ä¶ https://t.co/41viLOx2Oe",76,@CNN
0.0,Tue Oct 02 17:52:53 +0000 2018,0.0,1.0,0.0,"‚ÄúIt‚Äôs part of our culture to examine ourselves, see if we're doing the right thing.‚Äù Jay Carney, Amazon‚Äôs senior vi‚Ä¶ https://t.co/je8OCsldah",77,@CNN
-0.128,Tue Oct 02 17:46:55 +0000 2018,0.081,0.919,0.0,The third congressional district in West Virginia voted overwhelmingly for President Trump in the 2016 election. Bu‚Ä¶ https://t.co/xXxo1cl255,78,@CNN
-0.7425,Tue Oct 02 17:39:03 +0000 2018,0.239,0.761,0.0,President Trump: ‚ÄúIt‚Äôs a very scary time for young men in America when you can be guilty of something that you may‚Ä¶ https://t.co/rjzYxQ9BPl,79,@CNN
0.0,Tue Oct 02 17:31:14 +0000 2018,0.0,1.0,0.0,Brazilian surfer Maya Gabeira just set a new Guinness World Record for the largest wave ever surfed by a woman‚Ä¶ https://t.co/dYQqWT7FPg,80,@CNN
0.0,Tue Oct 02 17:21:18 +0000 2018,0.0,1.0,0.0,Lake Tahoe visitors can now explore the lake's underwater exhibits via the Emerald Bay Maritime Heritage Trail‚Ä¶ https://t.co/bnJENbgQFF,81,@CNN
0.0,Tue Oct 02 17:18:34 +0000 2018,0.0,1.0,0.0,"These satellite images show how entire neighborhoods, and even a bridge, were wiped away in Friday's deadly earthqu‚Ä¶ https://t.co/XlypMByEvL",82,@CNN
-0.5859,Tue Oct 02 16:59:59 +0000 2018,0.242,0.758,0.0,"Missouri has lost track of more than 1,200 sex offenders and other states have a similar problem‚Ä¶ https://t.co/5FnjxevtZt",83,@CNN
0.7102,Tue Oct 02 16:33:14 +0000 2018,0.0,0.717,0.283,"President Trump inspires less trust around the world than many other international leaders, including autocrats lik‚Ä¶ https://t.co/pEEJWtGCzd",84,@CNN
0.5574,Tue Oct 02 16:21:06 +0000 2018,0.0,0.841,0.159,"A piece of mail delivered to the Pentagon mail facility has initially tested positive for ricin, according to two U‚Ä¶ https://t.co/vffm8qjXzq",85,@CNN
0.4404,Tue Oct 02 16:15:15 +0000 2018,0.0,0.83,0.17,"An off-duty border patrol agent wanted an explosive gender reveal party for his family and friends, but he ended up‚Ä¶ https://t.co/ySghCNPg3b",86,@CNN
0.5574,Tue Oct 02 16:00:02 +0000 2018,0.0,0.805,0.195,"Amazon is raising its minimum wage to $15 an hour for all US employees, benefitting more than 250,000, plus 100,000‚Ä¶ https://t.co/2tjXel32nf",87,@CNN
0.0,Tue Oct 02 15:54:48 +0000 2018,0.0,1.0,0.0,An official transcript distributed on Monday evening showed the President telling ABC reporter Cecelia Vega she was‚Ä¶ https://t.co/DbE0WVqt8s,88,@CNN
-0.4939,Tue Oct 02 15:51:27 +0000 2018,0.151,0.849,0.0,The White House has officially corrected the record on an insulting remark President Trump made toward a female rep‚Ä¶ https://t.co/ZOtlYHuPeX,89,@CNN
0.0,Tue Oct 02 15:36:56 +0000 2018,0.0,1.0,0.0,Here's why elephants have cracks in their skin https://t.co/8T4et3Pnnh https://t.co/3Eh0INfBV3,90,@CNN
0.0,Tue Oct 02 15:21:19 +0000 2018,0.0,1.0,0.0,Sen. Jeff Flake says his Kavanaugh vote depends on the FBI probe results https://t.co/lyYtYQD9rM https://t.co/ZMWFA0BiDx,91,@CNN
-0.3597,Tue Oct 02 15:10:45 +0000 2018,0.143,0.857,0.0,Health officials are 'very worried' as African swine fever spreads in Europe and Asia https://t.co/Q948Q06KRA https://t.co/uOrXBb0tMJ,92,@CNN
0.0,Tue Oct 02 14:56:56 +0000 2018,0.0,1.0,0.0,Mark Judge's lawyer says the FBI has completed its interview of him. He's a key witness to the alleged incident bet‚Ä¶ https://t.co/u3KHNdfD01,93,@CNN
-0.4939,Tue Oct 02 14:47:18 +0000 2018,0.127,0.873,0.0,RT @CNNnewsroom: New satellite footage from above Indonesia shows the extent of the damage from the earthquake and tsunami that hit the nat‚Ä¶,94,@CNN
-0.8481,Tue Oct 02 14:45:08 +0000 2018,0.325,0.675,0.0,"Death toll rises to 1,234 following Friday's devastating earthquake and tsunami in the Indonesian city of Palu, acc‚Ä¶ https://t.co/aTcY3YrRn9",95,@CNN
0.7003,Tue Oct 02 14:30:28 +0000 2018,0.0,0.726,0.274,Sen. Bernie Sanders praises Jeff Bezos after Amazon announced it is raising its minimum wage at both Amazon and Who‚Ä¶ https://t.co/HDtbnJoobu,96,@CNN
0.7269,Tue Oct 02 14:20:11 +0000 2018,0.0,0.717,0.283,Amazon is increasing its minimum wage to $15 an hour for all US employees effective November 1. The increase applie‚Ä¶ https://t.co/7wdZW3IAJU,97,@CNN
0.4404,Tue Oct 02 14:16:39 +0000 2018,0.0,0.83,0.17,"An off-duty border patrol agent wanted an explosive gender reveal party for his family and friends, but he ended up‚Ä¶ https://t.co/13EbcuYzod",98,@CNN
0.5859,Tue Oct 02 14:06:24 +0000 2018,0.0,0.703,0.297,How Trump landed his biggest trade win yet https://t.co/KsCURtdxXU https://t.co/EVu6GvJXLO,99,@CNN
0.0,Wed Oct 03 00:07:23 +0000 2018,0.0,1.0,0.0,"Julie Swetnick's ex-boyfriend, former Dem congressional candidate, says he doesn't believe her claims. https://t.co/qA8nuRaVmT",0,@FoxNews
0.0,Wed Oct 03 00:00:28 +0000 2018,0.0,1.0,0.0,".@POTUS speaks at a rally in Southaven, Mississippi. https://t.co/9oJgFyVJRt https://t.co/BwzikvC5wa",1,@FoxNews
-0.6486,Tue Oct 02 23:56:54 +0000 2018,0.306,0.694,0.0,‚ÄòVice‚Äô teaser shows Christian Bale as Dick Cheney in new Adam McKay movie https://t.co/plvCU0wvqG,2,@FoxNews
0.0,Tue Oct 02 23:51:59 +0000 2018,0.0,1.0,0.0,"Indianapolis Zoo to add black mamba, world‚Äôs deadliest snake, to exhibit https://t.co/5YqclYtqPT",3,@FoxNews
0.0,Tue Oct 02 23:43:51 +0000 2018,0.0,1.0,0.0,Drone footage shows pod of dolphins ‚Äòdancing‚Äô https://t.co/tt00gxg09e,4,@FoxNews
0.0,Tue Oct 02 23:31:43 +0000 2018,0.0,1.0,0.0,Facebook breach fallout: What you need to know https://t.co/jN4HjZBnmI,5,@FoxNews
-0.4019,Tue Oct 02 23:29:08 +0000 2018,0.124,0.876,0.0,".@guypbenson on Kavanaugh vote before midterms: ""I think this is a big problem for [@clairecmc] and she knows it. B‚Ä¶ https://t.co/2csmPTpeCM",6,@FoxNews
-0.2263,Tue Oct 02 23:27:53 +0000 2018,0.112,0.888,0.0,Suspected ricin letters were sent to the Pentagon Tuesday; Trace Gallagher has the latest. #TheStory‚Ä¶ https://t.co/MsZsQElCfO,7,@FoxNews
0.0,Tue Oct 02 23:21:12 +0000 2018,0.0,1.0,0.0,".@VP Pence speaks at a campaign event for Congresswoman Cathy McMorris Rodgers.

(Courtesy: KAYU/KHQ) https://t.co/jl5d18iCek",8,@FoxNews
0.3818,Tue Oct 02 23:15:19 +0000 2018,0.0,0.776,0.224,Mutant turtle with two heads still alive after 3 months https://t.co/vv4nr8OOn8,9,@FoxNews
0.0,Tue Oct 02 23:09:06 +0000 2018,0.0,1.0,0.0,Police officers in Texas were led on a chase that's far from what they're used to ‚Äî a raccoon in their headquarters. https://t.co/GJUc6kOPMF,10,@FoxNews
0.0,Tue Oct 02 23:05:00 +0000 2018,0.0,1.0,0.0,Two more prosecutors depart Mueller investigation. https://t.co/ZzfJZZRqTg,11,@FoxNews
0.0,Tue Oct 02 22:59:48 +0000 2018,0.0,1.0,0.0,North Carolina man dies of Florence-related bacterial infection https://t.co/kdjB4KsewY,12,@FoxNews
0.0,Tue Oct 02 22:51:01 +0000 2018,0.0,1.0,0.0,"RT @MikeEmanuelFox: Lawmakers spar over Kavanaugh confirmation vote - from #SpecialReport tonight:

https://t.co/shQLY5MgiO",13,@FoxNews
-0.6124,Tue Oct 02 22:48:47 +0000 2018,0.385,0.615,0.0,Teen suspect in deadly library shooting to plead guilty. https://t.co/HRLKGcPgqz,14,@FoxNews
0.0,Tue Oct 02 22:39:45 +0000 2018,0.0,1.0,0.0,"JUST IN: FBI's Kavanaugh investigation may wrap up as soon as Wednesday, reports say. https://t.co/XYxiNAxrqd",15,@FoxNews
0.0,Tue Oct 02 22:36:00 +0000 2018,0.0,1.0,0.0,Iraq tasks Shiite independent with forming new government. https://t.co/3gW2ylrofk,16,@FoxNews
-0.3818,Tue Oct 02 22:30:46 +0000 2018,0.15,0.777,0.073,Four members of a militant white supremacist group from California have been arrested in connection with the deadly‚Ä¶ https://t.co/6Ip6jcDKsT,17,@FoxNews
0.5574,Tue Oct 02 22:17:59 +0000 2018,0.0,0.769,0.231,"Houston girl, 7, proudly sings national anthem in stands at Astros game. https://t.co/8Dwn2PAS61",18,@FoxNews
0.0,Tue Oct 02 22:09:29 +0000 2018,0.0,1.0,0.0,".@POTUS arrives at Memphis International Airport.
(Courtesy: WHBQ) https://t.co/PwGbgraYFo",19,@FoxNews
0.0,Tue Oct 02 22:05:43 +0000 2018,0.0,1.0,0.0,"Trump reaped millions in shady tax schemes from father's business, report says; NY Tax Department 'reviewing' alleg‚Ä¶ https://t.co/2yXKlZPaWY",20,@FoxNews
-0.2263,Tue Oct 02 21:56:37 +0000 2018,0.192,0.808,0.0,Anti-Kavanaugh protesters accosting senators have ties to Soros https://t.co/bDxg9LiTbg,21,@FoxNews
-0.5106,Tue Oct 02 21:46:51 +0000 2018,0.267,0.642,0.091,"Agency works to end Iran's manipulation of Iraq, temper China's growing influence (via @holliesmckay) https://t.co/BxDL4pyHQe",22,@FoxNews
0.5267,Tue Oct 02 21:44:24 +0000 2018,0.0,0.726,0.274,RT @FoxBusiness: Bernie Sanders praises Amazon's minimum wage hike  https://t.co/TkLl2GuI58,23,@FoxNews
0.4404,Tue Oct 02 21:33:57 +0000 2018,0.0,0.838,0.162,".@JesseBWatters on @HillaryClinton bashing @POTUS supporters: ""Every time she pops up and says something, I believe‚Ä¶ https://t.co/FOH3h17uHI",24,@FoxNews
0.0,Tue Oct 02 21:23:49 +0000 2018,0.0,1.0,0.0,Keystone Quiz: 'Jeopardy' Host Trebek Booed By Audience While Moderating PA Gov Debate https://t.co/KhY4hSSf1r,25,@FoxNews
0.6908,Tue Oct 02 21:15:59 +0000 2018,0.0,0.749,0.251,WHALE OF A TALE: A dedicated group of volunteers in Argentina worked for more than a day to help a seven-ton humpba‚Ä¶ https://t.co/xc3C7XLhG8,26,@FoxNews
0.0,Tue Oct 02 21:10:00 +0000 2018,0.0,1.0,0.0,"Sen. @ChuckGrassley wants Air Force to investigate $1280 hot cup.
https://t.co/cJGENNdyc2",27,@FoxNews
-0.5719,Tue Oct 02 21:02:00 +0000 2018,0.222,0.778,0.0,".@JasonKander withdraws from Kansas City mayoral race to focus on treating depression, PTSD. https://t.co/TqYyseGAw2",28,@FoxNews
-0.3818,Tue Oct 02 20:56:23 +0000 2018,0.148,0.852,0.0,"Senator @LindseyGrahamSC sounded off on the Kavanaugh confirmation battle Tuesday, saying that ""this is bottom.""‚Ä¶ https://t.co/CmqWlA4QvI",29,@FoxNews
0.0,Tue Oct 02 20:48:33 +0000 2018,0.0,1.0,0.0,"Kentucky @GovMattBevin on new USMCA trade deal: ""This is what's been needed."" #Cavuto https://t.co/MG8lruv6MB",30,@FoxNews
0.0,Tue Oct 02 20:44:31 +0000 2018,0.0,1.0,0.0,"Kentucky @GovMattBevin on the Russia probe: ""It's floundering, trying to find some semblance of relevance."" #Cavuto https://t.co/ELPhzLpoww",31,@FoxNews
-0.5423,Tue Oct 02 20:37:04 +0000 2018,0.243,0.757,0.0,"Sen. @JimInhofe: ""With all the accusations out there, no one has corroborated on anything."" #Cavuto https://t.co/KYxlRbHDyA",32,@FoxNews
-0.4767,Tue Oct 02 20:34:06 +0000 2018,0.193,0.807,0.0,"Georgetown professor suspended by Twitter after call for ‚Äòdeaths‚Äô of GOP senators, Kavanaugh. https://t.co/P0TbwOpL9i",33,@FoxNews
0.0,Tue Oct 02 20:09:06 +0000 2018,0.0,1.0,0.0,RT @FoxBusiness: #BreakingNews: The Dow Jones Industrial Average closed at a record high. It is the 102nd record close for the Dow since El‚Ä¶,34,@FoxNews
0.0,Tue Oct 02 20:05:40 +0000 2018,0.0,1.0,0.0,.@ShepNewsTeam is live with the ‚ÄòFox News Update‚Äô on Facebook Watch: https://t.co/Sb2cju6RMf https://t.co/CffEDcSSiF,35,@FoxNews
0.0,Tue Oct 02 20:01:31 +0000 2018,0.0,1.0,0.0,President @realDonaldTrump speaks in Philadelphia five weeks ahead of midterm elections https://t.co/50tdnoBuvD,36,@FoxNews
0.5574,Tue Oct 02 19:57:42 +0000 2018,0.0,0.714,0.286,Envelopes sent to Pentagon test positive for ricin https://t.co/ycpmvkw9X2 https://t.co/4T8m9zVA5C,37,@FoxNews
-0.6908,Tue Oct 02 19:49:20 +0000 2018,0.239,0.761,0.0,"Clinton accuser Juanita Broaddrick demands FBI probe on Clinton rape claim, amid Kavanaugh furor (via‚Ä¶ https://t.co/OZ0UPF8q4k",38,@FoxNews
0.1027,Tue Oct 02 19:39:02 +0000 2018,0.0,0.924,0.076,Ford's team says they have reached out to @FBI multiple times and still have not been contacted‚Ä¶ https://t.co/Hvmdppf3tL,39,@FoxNews
0.0,Tue Oct 02 19:35:25 +0000 2018,0.0,1.0,0.0,"JUST IN: @SecPompeo to meet with Kim Jong Un on Sunday, State Department announces https://t.co/nCxViRI6Ea https://t.co/ypVLI14Ijo",40,@FoxNews
0.0,Tue Oct 02 19:27:33 +0000 2018,0.0,1.0,0.0,".@POTUS: ""After years of rebuilding foreign countries, we are finally rebuilding our country.""‚Ä¶ https://t.co/bWfBmPHwq5",41,@FoxNews
-0.0772,Tue Oct 02 19:22:19 +0000 2018,0.142,0.729,0.13,".@POTUS: ""We're straightening out some of these horrible deals that stole our wealth, stole our jobs, stole so much‚Ä¶ https://t.co/MHizs8flTH",42,@FoxNews
0.0,Tue Oct 02 19:16:58 +0000 2018,0.136,0.728,0.136,".@POTUS: ""NAFTA was one of the worst trade deals ever made in any country at any time, and now we have a great trad‚Ä¶ https://t.co/GK9JGU7Nfc",43,@FoxNews
0.0,Tue Oct 02 19:12:54 +0000 2018,0.0,1.0,0.0,".@POTUS: ""We're in the midst of a manufacturing renaissance."" https://t.co/xhAj9J19k5",44,@FoxNews
0.0,Tue Oct 02 19:08:05 +0000 2018,0.0,1.0,0.0,".@POTUS: ""The stock market...is at an all-time high today."" https://t.co/jdiXb1UtWs",45,@FoxNews
0.4767,Tue Oct 02 19:05:06 +0000 2018,0.0,0.819,0.181,".@POTUS: ""This is really an incredible time for our nation. We are respected again."" https://t.co/EXN4HZooEy",46,@FoxNews
0.4215,Tue Oct 02 19:01:35 +0000 2018,0.0,0.763,0.237,"GOP hoping to flip Montana seat red, @pdoocy reports https://t.co/q4ke8uWN2v",47,@FoxNews
0.0772,Tue Oct 02 18:56:13 +0000 2018,0.0,0.925,0.075,".@HillaryClinton: ""For anyone who believes there's such a thing as a judicial temperament and that we want judges,‚Ä¶ https://t.co/cR0Npgb03k",48,@FoxNews
0.0,Tue Oct 02 18:55:22 +0000 2018,0.0,1.0,0.0,.@POTUS makes remarks on the economy and tax reform at the annual convention for the National Electrical Contractor‚Ä¶ https://t.co/6OW3HRYPdV,49,@FoxNews
0.0,Tue Oct 02 18:44:35 +0000 2018,0.0,1.0,0.0,".@senatemajldr: ""We will be voting this week on the Kavanaugh nomination."" https://t.co/IBAR6gJ0oX https://t.co/SK5Ibvi3qq",50,@FoxNews
0.5574,Tue Oct 02 18:41:42 +0000 2018,0.0,0.753,0.247,Two envelopes testing positive for ricin sent to the Pentagon https://t.co/ycpmvkw9X2 https://t.co/QLW6DFVq73,51,@FoxNews
-0.5938,Tue Oct 02 18:34:58 +0000 2018,0.245,0.755,0.0,".@LindseyGrahamSC on Kavanaugh confirmation battle: ""This is bottom. If this is not bottom, help us all."" https://t.co/RoyP0v5RWr",52,@FoxNews
-0.4939,Tue Oct 02 18:32:32 +0000 2018,0.286,0.714,0.0,".@LindseyGrahamSC: ""I think it's a scary time for principles."" https://t.co/XibC8DrcXl",53,@FoxNews
-0.25,Tue Oct 02 18:24:02 +0000 2018,0.123,0.802,0.075,".@LindseyGrahamSC on Kavanaugh confirmation battle: ""To me, this is such an emotional event now. Give the public as‚Ä¶ https://t.co/WbzIp5I2Q9",54,@FoxNews
0.296,Tue Oct 02 18:19:44 +0000 2018,0.127,0.637,0.235,".@LindseyGrahamSC on Kavanaugh confirmation battle: ""If this is the new normal, God help us all."" https://t.co/Jwo2XmnDV1",55,@FoxNews
-0.296,Tue Oct 02 18:16:52 +0000 2018,0.155,0.845,0.0,"Senate Judiciary Committee blasts report as ""last-ditch effort to derail the nomination"" https://t.co/KvzekNAX5M",56,@FoxNews
0.5574,Tue Oct 02 18:11:14 +0000 2018,0.0,0.795,0.205,.@senatemajldr Mitch McConnell prepares for full Senate vote on Kavanaugh nomination to Supreme Court‚Ä¶ https://t.co/2XSuefytII,57,@FoxNews
0.4939,Tue Oct 02 18:09:19 +0000 2018,0.0,0.714,0.286,.@HillaryClinton speaks at Day 1 of The Atlantic Festival https://t.co/wi4p8hdpba,58,@FoxNews
0.0,Tue Oct 02 17:58:01 +0000 2018,0.0,1.0,0.0,"On @AmericaNewsroom, Republican U.S. Senate candidate @JohnJamesMI discussed the impact of the Kavanaugh confirmati‚Ä¶ https://t.co/mrt0PArQ1V",59,@FoxNews
0.4939,Tue Oct 02 17:45:51 +0000 2018,0.0,0.814,0.186,Flag Shredded by Hurricane Florence Auctioned for $10K in Honor of Late Family Member https://t.co/7vhCH3RvmX,60,@FoxNews
-0.0772,Tue Oct 02 17:42:45 +0000 2018,0.061,0.939,0.0,"JUST IN: Two people were taken to the hospital after being exposed to a ""white powdery substance"" at Sen. Ted Cruz'‚Ä¶ https://t.co/WgIo5udhvJ",61,@FoxNews
-0.4588,Tue Oct 02 17:36:48 +0000 2018,0.165,0.759,0.076,".@POTUS: ‚ÄúMy whole life I‚Äôve heard, ‚Äòyou‚Äôre innocent until proven guilty,‚Äô but now you‚Äôre guilty until proven innoc‚Ä¶ https://t.co/uf94qyXIGy",62,@FoxNews
-0.2648,Tue Oct 02 17:31:35 +0000 2018,0.204,0.687,0.11,".@POTUS: ‚ÄúI thought he did very well. He‚Äôs fighting very hard for his reputation, for his family.‚Äù https://t.co/dIUvNLwZdl",63,@FoxNews
0.0,Tue Oct 02 17:30:26 +0000 2018,0.0,1.0,0.0,.@POTUS: ‚ÄúA lot is going to depend on what comes back from the FBI‚Ä¶ I think that Judge Kavanaugh is doing very well‚Ä¶ https://t.co/0eWXr7XR83,64,@FoxNews
0.3612,Tue Oct 02 17:27:04 +0000 2018,0.0,0.828,0.172,.@POTUS: ‚ÄúI think the Democrats are going to like the trade bill.‚Äù https://t.co/q25ClXoHS4,65,@FoxNews
0.0,Tue Oct 02 17:26:17 +0000 2018,0.0,1.0,0.0,.@POTUS: ‚ÄúThe deal we‚Äôve made with Canada and Mexico has gotten tremendous reviews.‚Äù https://t.co/z0RJNJF7rQ,66,@FoxNews
0.0,Tue Oct 02 17:21:33 +0000 2018,0.0,1.0,0.0,"President @realDonaldTrump departs Joint Base Andrews, heading to Philadelphia, Pennsylvania. https://t.co/d1tGHtx6Wz",67,@FoxNews
0.0,Tue Oct 02 17:19:38 +0000 2018,0.0,1.0,0.0,.@RepLeeZeldin: ‚ÄúWhat we‚Äôre seeing right now is a politicization of the confirmation process and strategically to p‚Ä¶ https://t.co/kcpZgRy4Ur,68,@FoxNews
-0.3182,Tue Oct 02 17:13:46 +0000 2018,0.126,0.874,0.0,"US restricts same-sex visas for diplomat partners, sets January deadline to get married or get out https://t.co/Dd5CQA0wKO",69,@FoxNews
0.4939,Tue Oct 02 16:50:00 +0000 2018,0.0,0.738,0.262,Kudlow: Trump's US-Mexico-Canada Trade Agreement 'Sends a Message to China' https://t.co/LHNNQfg5cy,70,@FoxNews
0.0772,Tue Oct 02 16:45:00 +0000 2018,0.0,0.939,0.061,.@CharlesHurt: ‚ÄúThe number of people in the FBI who seem to think they are not answerable to anyone‚Ä¶ it‚Äôs staggerin‚Ä¶ https://t.co/oAaLdodXg2,71,@FoxNews
0.0,Tue Oct 02 16:40:03 +0000 2018,0.0,1.0,0.0,"Children waves American and Ghana flags during an arrival ceremony for @FLOTUS in Accra, Ghana on Tuesday. The firs‚Ä¶ https://t.co/SKhwR6lw5C",72,@FoxNews
-0.2263,Tue Oct 02 16:32:34 +0000 2018,0.112,0.888,0.0,"JUST IN: At least two packages sent to Pentagon suspected to contain ricin, official says https://t.co/7tOqvOD7Gt",73,@FoxNews
0.0,Tue Oct 02 16:07:39 +0000 2018,0.0,1.0,0.0,".@senatemajldr: ‚ÄúThe Senate will vote on Judge Kavanaugh here on this floor, this week.‚Äù https://t.co/IBAR6gJ0oX https://t.co/TVtNcYiQZq",74,@FoxNews
-0.3182,Tue Oct 02 16:04:00 +0000 2018,0.173,0.827,0.0,Horse wanders into French bar after breaking loose at racetrack https://t.co/qYBlWqT3nz https://t.co/zv2vXATyGX,75,@FoxNews
0.0,Tue Oct 02 16:01:08 +0000 2018,0.0,1.0,0.0,.@senatemajldr Mitch McConnell slammed Democrats on Tuesday amid the @FBI's probe of the allegations leveled agains‚Ä¶ https://t.co/xfnjX8A0zI,76,@FoxNews
0.0,Tue Oct 02 15:50:44 +0000 2018,0.0,1.0,0.0,.@RepAndyBiggsAZ: ‚ÄúI think [Rod Rosenstein] should resign.‚Äù https://t.co/9bFeg7AiXZ,77,@FoxNews
0.0,Tue Oct 02 15:39:47 +0000 2018,0.0,1.0,0.0,"Matilda, Trump face off in new statue display commemorating 30th anniversary of children's book‚Ä¶ https://t.co/rQeGAvfhkv",78,@FoxNews
0.0,Tue Oct 02 15:33:04 +0000 2018,0.0,1.0,0.0,Dow climbs to all-time intraday high https://t.co/oV3TSY6fwu https://t.co/amScPA3AqH,79,@FoxNews
0.34,Tue Oct 02 15:24:46 +0000 2018,0.0,0.833,0.167,State of play on Kavanaugh confirmation: @senatemajldr preparing to hold votes https://t.co/IBAR6gJ0oX https://t.co/z5JWMtZrvP,80,@FoxNews
0.4939,Tue Oct 02 15:18:06 +0000 2018,0.0,0.775,0.225,"Brett Kavanaugh's friend Mark Judge interviewed by @FBI, lawyer reveals https://t.co/CdJ3N1fU2X https://t.co/jFB0t3Cish",81,@FoxNews
0.0,Tue Oct 02 15:10:47 +0000 2018,0.0,1.0,0.0,.@FBI has not contacted Dr. Ford for interview https://t.co/CdJ3N1fU2X https://t.co/Bm3Z8uXijK,82,@FoxNews
0.0,Tue Oct 02 15:07:27 +0000 2018,0.0,1.0,0.0,U.S. stocks surge on new trade deal https://t.co/w7zJkrq8sb https://t.co/YKPYW7t5z0,83,@FoxNews
-0.7351,Tue Oct 02 14:54:35 +0000 2018,0.256,0.744,0.0,".@JohnJamesMI: ""Most people around the country are sick and tired of the partisanship‚Äî we need more leadership in W‚Ä¶ https://t.co/x8zdT2OLK2",84,@FoxNews
0.5399,Tue Oct 02 14:52:56 +0000 2018,0.0,0.791,0.209,".@JohnJamesMI: ""I promise that I will lead in Washington the way I led in Baghdad‚Äî I didn't fight for Democrats or‚Ä¶ https://t.co/q7XzoiCgur",85,@FoxNews
-0.296,Tue Oct 02 14:47:57 +0000 2018,0.115,0.885,0.0,".@JMfreespeech: ""Any effort, I think to limit [the @FBI investigation], even if the Democrats are accused of delayi‚Ä¶ https://t.co/ToKp2ybHcl",86,@FoxNews
0.0,Tue Oct 02 14:41:05 +0000 2018,0.0,1.0,0.0,.@FLOTUS Melania Trump arrives in Ghana for first solo international trip as first lady https://t.co/z9TCGT2dRN https://t.co/oiv7srrrrX,87,@FoxNews
0.1779,Tue Oct 02 14:36:06 +0000 2018,0.1,0.769,0.131,".@SenSchumer: ""We hope that there [are] still no limitations on the @FBI investigation...They'd asked for it to be‚Ä¶ https://t.co/Cwagxa61cl",88,@FoxNews
-0.0258,Tue Oct 02 14:27:28 +0000 2018,0.232,0.591,0.177,".@SenSchumer: ""Accusing Democrats of needlessly delaying a Supreme Court nomination is galling, is hypocritical com‚Ä¶ https://t.co/6IjDxJ6tiY",89,@FoxNews
-0.3252,Tue Oct 02 14:17:54 +0000 2018,0.143,0.857,0.0,".@senatemajldr: ""[Democrats] will not be satisfied unless they have brought down Judge Kavanaugh's nomination."" https://t.co/XhF4yT8X2p",90,@FoxNews
0.0,Tue Oct 02 14:13:40 +0000 2018,0.0,1.0,0.0,".@senatemajldr: ""Democrats may be trying to move the goalposts every five minutes, but their goal has not moved an‚Ä¶ https://t.co/VebJ9eETXi",91,@FoxNews
0.0,Tue Oct 02 14:10:19 +0000 2018,0.0,1.0,0.0,.@senatemajldr speaks on Senate floor https://t.co/ftGAZsTWi6,92,@FoxNews
0.0516,Tue Oct 02 14:08:00 +0000 2018,0.13,0.729,0.141,".@SenTomCotton: ""The Democrats are engaged in an orchestrated smear campaign to assassinate Brett Kavanaugh's chara‚Ä¶ https://t.co/m7904cHs4o",93,@FoxNews
0.7096,Tue Oct 02 14:04:42 +0000 2018,0.0,0.742,0.258,"Larry Kudlow on new trade deal: ""We made a good deal in everybody's interest and that's why it's succeeding.""‚Ä¶ https://t.co/KgYVbHWNFW",94,@FoxNews
0.4927,Tue Oct 02 14:00:27 +0000 2018,0.0,0.862,0.138,"Larry Kudlow on new trade deal: ""These are very good things for the U.S. economy. @POTUS has basically delivered on‚Ä¶ https://t.co/dJ4BLoJNlp",95,@FoxNews
0.0,Tue Oct 02 13:56:45 +0000 2018,0.0,1.0,0.0,".@SenTomCotton on the FBI investigation: ""This is not about trying to get the facts or get the proof, it's about tr‚Ä¶ https://t.co/YCoik61fk7",96,@FoxNews
0.3818,Tue Oct 02 13:55:12 +0000 2018,0.0,0.755,0.245,"RT @FoxBusiness: US wage growth hits 17-month high
https://t.co/G1cgUj8Ula",97,@FoxNews
-0.296,Tue Oct 02 13:54:09 +0000 2018,0.128,0.872,0.0,".@jonathanvswan: ""They are all in on [Kavanaugh]. There is no plan B before the midterms."" https://t.co/LhyXGjxGA5 https://t.co/w9e3NBPd1Q",98,@FoxNews
0.0,Tue Oct 02 13:49:55 +0000 2018,0.0,1.0,0.0,.@senatemajldr vows Kavanaugh vote this week https://t.co/LhyXGjxGA5 https://t.co/avtXjV3Ns5,99,@FoxNews
-0.3182,Wed Oct 03 00:11:05 +0000 2018,0.091,0.909,0.0,"RT @tackettdc: On Monday night, the two major candidates for governor in Ohio, a critical swing state, met to debate. Two New York Times po‚Ä¶",0,@NYTimes
0.4215,Wed Oct 03 00:02:04 +0000 2018,0.0,0.847,0.153,"""If you are not disrupting the people in positions of authority, it is like you are not doing your job"": Jemele Hil‚Ä¶ https://t.co/GLzVptK6xb",1,@NYTimes
0.0,Tue Oct 02 23:52:03 +0000 2018,0.0,1.0,0.0,"RT @gabrieldance: we‚Äôve spent 18 months investigating the Trump fortune. But if you don‚Äôt have that kinda time right now, here‚Äôs 4 short, i‚Ä¶",2,@NYTimes
0.4404,Tue Oct 02 23:42:02 +0000 2018,0.0,0.818,0.182,This chicken tikka masala recipe is truly accessible to anyone with a well-stocked pantry https://t.co/D5sb5MOXc2,3,@NYTimes
0.0,Tue Oct 02 23:32:06 +0000 2018,0.0,1.0,0.0,Evening Briefing: Here's what you need to know at the end of the day https://t.co/01D9Wjf5g0,4,@NYTimes
0.128,Tue Oct 02 23:22:02 +0000 2018,0.0,0.927,0.073,"RT @davidenrich: Exclusive: We obtained a handwritten 1983 letter that Brett Kavanaugh wrote to his high school buddies: ""We're loud, obnox‚Ä¶",5,@NYTimes
-0.8625,Tue Oct 02 23:17:05 +0000 2018,0.469,0.531,0.0,The killing of a 16-year-old stunned a Brooklyn neighborhood. The shock deepened when a suspect was identified: a b‚Ä¶ https://t.co/M2GmkVMLeS,6,@NYTimes
0.0,Tue Oct 02 23:01:04 +0000 2018,0.0,1.0,0.0,"RT @susannecraig: NEW: Russ Buettner, David Barstow and I got our hands on a massive trove of confidential docs - including 200 tax returns‚Ä¶",7,@NYTimes
0.0,Tue Oct 02 23:00:00 +0000 2018,0.0,1.0,0.0,Clarification: The tweet above said McKinsey determines which creditors get paid what. McKinsey does have a say but it's not the only one.,8,@NYTimes
-0.7351,Tue Oct 02 22:47:11 +0000 2018,0.285,0.658,0.057,"""Baby fails"" is a thriving YouTube genre. And if you want your own internet-famous baby, humiliation is key.‚Ä¶ https://t.co/fHU9SDps0a",9,@NYTimes
-0.2263,Tue Oct 02 22:32:07 +0000 2018,0.091,0.909,0.0,The Manchin campaign said that he spoke with protesters ‚Äúto listen to their stories and views on Brett Kavanaugh.‚Äù‚Ä¶ https://t.co/E80CtfKrRT,10,@NYTimes
0.4588,Tue Oct 02 22:17:04 +0000 2018,0.0,0.85,0.15,2 of America Ferrera's recent favorite books: ‚ÄúWhen They Call You a Terrorist‚Äù by Patrisse Khan-Cullors and ‚ÄúSour H‚Ä¶ https://t.co/LredAGHHbD,11,@NYTimes
0.4404,Tue Oct 02 22:03:04 +0000 2018,0.0,0.879,0.121,"RT @Nate_Cohn: Ohio 1, final. Chabot (R, inc) 50, Pureval (D) 41
A good result for the Republicans in a fairly conservative district where‚Ä¶",12,@NYTimes
0.0,Tue Oct 02 21:48:24 +0000 2018,0.0,1.0,0.0,"As for the $1 million loan President Trump so often cites, The New York Times found that Fred Trump actually lent h‚Ä¶ https://t.co/LtGDEXO17S",13,@NYTimes
0.0,Tue Oct 02 21:23:11 +0000 2018,0.0,1.0,0.0,The New York Times‚Äôs findings raise new questions about President Trump‚Äôs refusal to release his income tax returns‚Ä¶ https://t.co/2QJGxo0Tzm,14,@NYTimes
0.0,Tue Oct 02 21:20:11 +0000 2018,0.0,1.0,0.0,"On May 4, 2004, the Trump children signed away ownership of the empire their father had built over 70 years. The to‚Ä¶ https://t.co/H1DbE6cZ2I",15,@NYTimes
0.3818,Tue Oct 02 21:10:30 +0000 2018,0.0,0.89,0.11,"On Nov. 22, 1997, in an episode never before revealed, Donald Trump and his siblings gained ownership of most of th‚Ä¶ https://t.co/TREtTJ6pHD",16,@NYTimes
-0.5106,Tue Oct 02 21:05:00 +0000 2018,0.155,0.845,0.0,"Clumsy at it was, Donald Trump‚Äôs failed attempt to change his father‚Äôs will brought a family reckoning about 2 rela‚Ä¶ https://t.co/6QVLMrT9YD",17,@NYTimes
0.0,Tue Oct 02 20:59:51 +0000 2018,0.0,1.0,0.0,Fred Trump took prompt action to thwart his son. He dispatched his daughter to find new estate lawyers. The lawyers‚Ä¶ https://t.co/OxoYAYBbP2,18,@NYTimes
0.0,Tue Oct 02 20:55:44 +0000 2018,0.0,1.0,0.0,"In 1990, according to previously secret depositions, Donald Trump tried to have his father‚Äôs will rewritten in a wa‚Ä¶ https://t.co/3USzEdnsJR",19,@NYTimes
0.5719,Tue Oct 02 20:51:17 +0000 2018,0.0,0.793,0.207,"Between 1989 and 1992, tax records show, 4 entities created by Fred Trump to support his children paid Donald Trump‚Ä¶ https://t.co/bLBMEgvv9R",20,@NYTimes
-0.5106,Tue Oct 02 20:45:22 +0000 2018,0.136,0.864,0.0,"As the 1980s ended, Donald Trump‚Äôs big bets began to go bust. Trump Shuttle was failing to make loan payments withi‚Ä¶ https://t.co/fdTcY4KG0e",21,@NYTimes
0.5574,Tue Oct 02 20:35:13 +0000 2018,0.0,0.854,0.146,"In President Trump‚Äôs version of how he got rich, he parlayed a $1 million loan from his father into a $10 billion e‚Ä¶ https://t.co/balhaT0Y0q",22,@NYTimes
0.4404,Tue Oct 02 20:25:18 +0000 2018,0.0,0.854,0.146,"We hope you have time to read the complete investigation by @DavidBarstow, @SusanneCraig and @RussBuettner. But if‚Ä¶ https://t.co/3KRrQ19354",23,@NYTimes
0.0,Tue Oct 02 20:14:17 +0000 2018,0.0,1.0,0.0,What emerges from this body of evidence is a financial biography of the 45th president fundamentally at odds with t‚Ä¶ https://t.co/gsJyG94wEH,24,@NYTimes
0.0,Tue Oct 02 19:44:52 +0000 2018,0.0,1.0,0.0,The New York Times‚Äôs findings are based on interviews with Fred Trump‚Äôs former employees and advisers and more than‚Ä¶ https://t.co/LHEXeqxf5t,25,@NYTimes
0.0,Tue Oct 02 19:40:35 +0000 2018,0.0,1.0,0.0,"Trump declined repeated requests over several weeks to comment for this article. But a lawyer for Trump, Charles J.‚Ä¶ https://t.co/Pf01JULG2i",26,@NYTimes
0.0,Tue Oct 02 19:26:51 +0000 2018,0.0,1.0,0.0,President Trump has sold himself as a self-made billionaire but a Times investigation found that he received more t‚Ä¶ https://t.co/lhuCsng9Wi,27,@NYTimes
0.0,Tue Oct 02 18:50:05 +0000 2018,0.0,1.0,0.0,"Primera Air, a small low-cost airline, filed for bankruptcy and ceased flying on Monday night, leaving hundreds of‚Ä¶ https://t.co/PIC0H5zEEW",28,@NYTimes
-0.1531,Tue Oct 02 18:35:04 +0000 2018,0.172,0.72,0.108,"If you're looking to help victims of the earthquake and tsunami that struck Indonesia, here is some guidance, and a‚Ä¶ https://t.co/1P56jAWnkU",29,@NYTimes
0.6369,Tue Oct 02 18:10:06 +0000 2018,0.0,0.851,0.149,"RT @Nate_Cohn: Virginia 2, final. Taylor (R, inc) 49, Luria (D) 41
This is probably our best result for the Republicans in weeks. Didn't ex‚Ä¶",30,@NYTimes
0.0,Tue Oct 02 18:00:10 +0000 2018,0.0,1.0,0.0,"""Rather than clarifying the cause of a murky issue, 'toxic' often does the opposite,"" writes Lauren Oyler https://t.co/kL0A7ZeKKj",31,@NYTimes
0.3818,Tue Oct 02 17:50:04 +0000 2018,0.0,0.894,0.106,RT @rudoren: ‚ÄòWhat the (Insert Extreme Word of Choice) Is Going On Over There?‚Äô   The imitable ‚Å¶@sarahlyall‚Å© helps readers outside the US u‚Ä¶,32,@NYTimes
0.0258,Tue Oct 02 17:45:08 +0000 2018,0.071,0.853,0.076,"In an election year that has included alarming portents of global warming, the one place that climate change rarely‚Ä¶ https://t.co/urPRErl29O",33,@NYTimes
0.0,Tue Oct 02 17:35:02 +0000 2018,0.0,1.0,0.0,RT @nytvideo: About 70 percent of immigrants in U.S. prisons are being overseen by privately held companies. How did this happen? @RetroRep‚Ä¶,34,@NYTimes
0.4215,Tue Oct 02 17:25:02 +0000 2018,0.0,0.872,0.128,"Saving money, especially right after college, seems impossible. But the sooner you start, the easier it is. We prom‚Ä¶ https://t.co/G52mYPrQvS",35,@NYTimes
0.5859,Tue Oct 02 17:10:02 +0000 2018,0.0,0.769,0.231,Plants. A fresh coat of paint. Mementos. Here's how recent college graduates make shoe-box-size spaces feel like ho‚Ä¶ https://t.co/REeASBGj20,36,@NYTimes
0.8658,Tue Oct 02 17:00:12 +0000 2018,0.0,0.65,0.35,"RT @patrickhealynyt: Pretty cool: Alex Burns, one of our best NY Times political reporters, is texting first-hand insights, intel &amp; experie‚Ä¶",37,@NYTimes
-0.6908,Tue Oct 02 16:50:04 +0000 2018,0.231,0.769,0.0,Before and after photos show the destruction left in the wake of an earthquake and resulting tsunami that struck In‚Ä¶ https://t.co/en0SsepBam,38,@NYTimes
0.0,Tue Oct 02 16:40:07 +0000 2018,0.0,1.0,0.0,"RT @Nate_Cohn: Arizona 2, final. Kirkpatrick (D) 50, Marquez Peterson (R) 39
This seat was already thought to lean Democratic, though there‚Ä¶",39,@NYTimes
0.0,Tue Oct 02 16:30:11 +0000 2018,0.0,1.0,0.0,"Tesla said Tuesday that it produced 80,142 cars in the 3rd quarter, a 50% rise from the 2nd quarter https://t.co/t6K5iAxKKi",40,@NYTimes
0.0,Tue Oct 02 16:20:03 +0000 2018,0.0,1.0,0.0,"RT @nytopinion: The new leading presidential candidate in the polls in Brazil is a former military officer, Jair Bolsonaro, a far-right can‚Ä¶",41,@NYTimes
0.0,Tue Oct 02 16:10:04 +0000 2018,0.0,1.0,0.0,"The FBI has completed its interview of Mark Judge. In a statement, Judge's lawyer said, ‚ÄúMr. Judge completed his FB‚Ä¶ https://t.co/FbpaysTbBh",42,@NYTimes
-0.4939,Tue Oct 02 16:00:11 +0000 2018,0.138,0.862,0.0,"RT @nytimesbooks: A Ted Talk leads to a confession ‚Äî ""my mother was a heroin addict"" ‚Äî which leads to a graphic memoir by Jarrett J. Krosoc‚Ä¶",43,@NYTimes
0.25,Tue Oct 02 15:45:05 +0000 2018,0.0,0.905,0.095,"Time‚Äôs Up, the initiative created by women in Hollywood in response to the #MeToo movement, named Lisa Borders, pre‚Ä¶ https://t.co/UKIQYEuDcA",44,@NYTimes
0.0,Tue Oct 02 15:30:13 +0000 2018,0.0,1.0,0.0,RT @karenyourish: Just four of more than two dozen potential witnesses were on the Republicans‚Äô initial list to the FBI. https://t.co/Vz0dl‚Ä¶,45,@NYTimes
0.0,Tue Oct 02 15:15:08 +0000 2018,0.0,1.0,0.0,"After the Ivy League changed its kickoff rules in 2016, adjusting the kickoff and touchback lines by just five yard‚Ä¶ https://t.co/HsMtMQKylJ",46,@NYTimes
0.4019,Tue Oct 02 15:00:12 +0000 2018,0.0,0.876,0.124,"If Bob Woodward, journalist and author of ‚ÄúFear: Trump in the White House,‚Äù was hosting a literary dinner party, wh‚Ä¶ https://t.co/s60u9QU0HU",47,@NYTimes
-0.6077,Tue Oct 02 14:46:04 +0000 2018,0.147,0.853,0.0,"RT @emmagf: After six driver suicides in New York, taxi drivers are talking more openly about depression. ‚ÄúWhen you have nothing to do, we‚Ä¶",48,@NYTimes
-0.6486,Tue Oct 02 14:30:12 +0000 2018,0.24,0.671,0.088,"""There's a narrative of what rape looks like and what kind of person you have to be to be a victim or a perpetrator‚Ä¶ https://t.co/npXtxzuDU1",49,@NYTimes
-0.3818,Tue Oct 02 14:16:03 +0000 2018,0.115,0.885,0.0,RT @rpogrebin: We got the police report: Kavanaugh was involved in a bar fight at Yale in 1985 @benprotess @emilybazelon @RebeccaRuiz @Stev‚Ä¶,50,@NYTimes
-0.5499,Tue Oct 02 14:07:04 +0000 2018,0.157,0.843,0.0,"RT @nytimesbusiness: Tesla Model 3 production is up, but the company is still having trouble delivering the cars to drivers https://t.co/lK‚Ä¶",51,@NYTimes
-0.9136,Tue Oct 02 14:00:12 +0000 2018,0.428,0.572,0.0,A New York City bus driver involved in a fatal accident with a cyclist was found guilty of failing to yield the rig‚Ä¶ https://t.co/bfN9OccWZE,52,@NYTimes
0.0,Tue Oct 02 13:45:08 +0000 2018,0.0,1.0,0.0,Here's everything you need to know for the midterm elections https://t.co/Wsqhk4vNN1,53,@NYTimes
0.2716,Tue Oct 02 13:29:05 +0000 2018,0.0,0.901,0.099,"""I think the character is incredibly important, maybe now more than ever,"" said the writer of a new Captain Marvel‚Ä¶ https://t.co/vptSUR9HYE",54,@NYTimes
-0.3272,Tue Oct 02 13:15:07 +0000 2018,0.192,0.677,0.131,RT @nytopinion: .@PaulKrugman: My guess is that Kavanaugh's privileged roots are precisely why he‚Äôs so angry https://t.co/9R4K79fdWt,55,@NYTimes
0.0,Tue Oct 02 13:00:12 +0000 2018,0.0,1.0,0.0,Morning¬†Briefing: Here's what you need to know to start your day https://t.co/wXfjnUG3Wd https://t.co/prXeCCDyYw,56,@NYTimes
0.0258,Tue Oct 02 12:44:03 +0000 2018,0.071,0.853,0.076,"In an election year that has included alarming portents of global warming, the one place that climate change rarely‚Ä¶ https://t.co/jRRjeURwY0",57,@NYTimes
0.4767,Tue Oct 02 12:30:10 +0000 2018,0.0,0.846,0.154,Brett Kavanaugh's friends and former classmates have painted contrasting images of his past. Seth Meyers seized on‚Ä¶ https://t.co/BDOfTR1Aix,58,@NYTimes
0.0,Tue Oct 02 12:14:04 +0000 2018,0.0,1.0,0.0,"Across the Carolinas, Florence remains far from over https://t.co/VxAHK484Af https://t.co/jtY6xN1DNx",59,@NYTimes
0.6369,Tue Oct 02 12:10:07 +0000 2018,0.0,0.802,0.198,"Charles Aznavour's career spanned the history of the chanson realiste, the unvarnished tales of unrequited love, lo‚Ä¶ https://t.co/VEsYuHDGVv",60,@NYTimes
-0.4767,Tue Oct 02 12:00:14 +0000 2018,0.147,0.853,0.0,"Your daily @DealBook Briefing:

‚Ä¢ What's wrong with California's board quota plan.

‚Ä¢ GE's new chief has a lot to f‚Ä¶ https://t.co/jJ4GyJ5zez",61,@NYTimes
-0.5574,Tue Oct 02 11:45:05 +0000 2018,0.153,0.847,0.0,"Officials said that at least 1,234 people in Indonesia had died. Others, still uncounted, lie in the rubble of ruin‚Ä¶ https://t.co/VW8Ec3DZ5n",62,@NYTimes
-0.0772,Tue Oct 02 11:30:11 +0000 2018,0.178,0.704,0.117,"Louis C.K. returned to the Comedy Cellar, where a new policy lets uncomfortable customers leave, their check picked‚Ä¶ https://t.co/pZQZ655KPR",63,@NYTimes
0.0,Tue Oct 02 11:15:07 +0000 2018,0.0,1.0,0.0,"More of Brett Kavanaugh's former classmates are now coming forward with personal stories 
https://t.co/PEKa867VgI",64,@NYTimes
-0.5267,Tue Oct 02 11:00:02 +0000 2018,0.252,0.748,0.0,American and Chinese Warships came perilously close to colliding in the disputed waters of the South China Sea https://t.co/2qv7K4X3T3,65,@NYTimes
0.3612,Tue Oct 02 10:50:03 +0000 2018,0.0,0.8,0.2,Video: How the Indonesia earthquake made soil flow like water https://t.co/5NK95hKpYq,66,@NYTimes
0.1027,Tue Oct 02 10:46:39 +0000 2018,0.053,0.84,0.107,Amazon says it will raise base pay for all its U.S. workers to $15 an hour and is planning to lobby for a higher na‚Ä¶ https://t.co/KUQPPZVqj1,67,@NYTimes
0.0,Tue Oct 02 10:40:06 +0000 2018,0.0,1.0,0.0,Morning¬†Briefing: Here's what you need to know to start your day https://t.co/tS6sdHdjNM https://t.co/i7FBxtd2qE,68,@NYTimes
0.0,Tue Oct 02 10:31:00 +0000 2018,0.0,1.0,0.0,"""Increasing diversity of all kinds was always going to be a journey. We will get there. But let's not do anything t‚Ä¶ https://t.co/ygB7Yn2hJg",69,@NYTimes
0.7184,Tue Oct 02 10:22:55 +0000 2018,0.0,0.76,0.24,"Breaking News: The Nobel Prize in Physics was awarded to scientists from the U.S., Canada and France for their work‚Ä¶ https://t.co/IfzHUNcDop",70,@NYTimes
0.0,Tue Oct 02 10:15:08 +0000 2018,0.0,1.0,0.0,A look at the 5 senators who will decide Brett Kavanaugh's fate https://t.co/QZRA0qGVSg https://t.co/7xjVVcVEmi,71,@NYTimes
-0.4404,Tue Oct 02 09:49:52 +0000 2018,0.195,0.805,0.0,RT @adamjdean: A mosque damaged by the earthquake and tsunami in #palu @nytimes https://t.co/gPy5SJRtm5,72,@NYTimes
0.4939,Tue Oct 02 09:45:07 +0000 2018,0.062,0.785,0.153,"RT @jotted: Excellent deep dive on China's healthcare system by @suilee. Dystopian, heart breaking and alarming. Patients make their own ca‚Ä¶",73,@NYTimes
0.0772,Tue Oct 02 09:31:04 +0000 2018,0.175,0.677,0.147,RT @nytimesworld: A 16-year-old boy in Turkey has been sentenced to prison for kissing his 13-year-old girlfriend after teachers found his‚Ä¶,74,@NYTimes
-0.886,Tue Oct 02 09:15:05 +0000 2018,0.51,0.49,0.0,Seven Germans have been arrested on suspicion of building a far-right terrorist organization https://t.co/8IsaAAvlyB,75,@NYTimes
0.0,Tue Oct 02 09:00:18 +0000 2018,0.0,1.0,0.0,"A website tallies up apologies from the Twitter accounts of 25 British rail companies. All together, they have twee‚Ä¶ https://t.co/xumnsEdDsu",76,@NYTimes
0.0,Tue Oct 02 08:45:03 +0000 2018,0.0,1.0,0.0,A company in New Zealand that let its employees work 4 days a week while being paid for 5 said the experiment was s‚Ä¶ https://t.co/zKmIx3n6Zf,77,@NYTimes
-0.6486,Tue Oct 02 08:30:08 +0000 2018,0.227,0.773,0.0,"A heckler at a political event is hardly unusual. But the woman, who was later arrested, was no ordinary heckler, s‚Ä¶ https://t.co/IFMnleuKvS",78,@NYTimes
-0.2617,Tue Oct 02 08:15:07 +0000 2018,0.179,0.821,0.0,North Korea accused the Trump administration of demanding too much but offering too few concessions https://t.co/47VwyBaG20,79,@NYTimes
0.4019,Tue Oct 02 08:00:06 +0000 2018,0.0,0.886,0.114,"""While California‚Äôs impulse is clearly on the right side of history, the way the rule was enacted is so misguided t‚Ä¶ https://t.co/blW1Rr5TVG",80,@NYTimes
-0.7906,Tue Oct 02 07:45:01 +0000 2018,0.364,0.636,0.0,Photographers captured the grim and desperate aftermath of the earthquake and tsunami that struck eastern Indonesia https://t.co/oVvy4A9wwg,81,@NYTimes
-0.1779,Tue Oct 02 07:33:03 +0000 2018,0.104,0.829,0.067,"Mai Khoi, once a conventional pop star, is now a protest singer who challenges Vietnam‚Äôs political status quo. ‚ÄúEve‚Ä¶ https://t.co/BQYUVOR0wl",82,@NYTimes
-0.5994,Tue Oct 02 07:27:44 +0000 2018,0.17,0.83,0.0,"The death toll in Friday‚Äôs earthquake and tsunami in Indonesia has risen to at least 1,234 people, officials say https://t.co/QAusuXu2BD",83,@NYTimes
-0.6124,Tue Oct 02 07:15:04 +0000 2018,0.308,0.692,0.0,Entire neighborhoods have been devastated in and around Palu https://t.co/E1avLeyRjA,84,@NYTimes
0.4019,Tue Oct 02 07:00:15 +0000 2018,0.0,0.891,0.109,This rabbi is in charge of figuring out how to deal with clean meat ‚Äî meat that is grown in laboratories from anima‚Ä¶ https://t.co/jGBf7LrLvs,85,@NYTimes
0.0,Tue Oct 02 06:45:06 +0000 2018,0.0,1.0,0.0,"Chad Ludington, one of Judge Kavanaugh‚Äôs Yale classmates, said the altercation happened after a UB40 concert https://t.co/2npPthWwhS",86,@NYTimes
-0.8402,Tue Oct 02 06:30:06 +0000 2018,0.333,0.667,0.0,Map: The scale of the destruction of the Indonesia tsunami that left more than 800 people dead https://t.co/yFtezqCN1u,87,@NYTimes
0.0,Tue Oct 02 06:15:09 +0000 2018,0.0,1.0,0.0,RT @nytrealestate: Looking to buy an apartment in Manhattan? Now might be the time ‚Äî regardless of your budget https://t.co/Yn0h5serxI,88,@NYTimes
0.0,Tue Oct 02 06:00:02 +0000 2018,0.0,1.0,0.0,Tesla has reported that it is selling almost all of the cars it is making. But internet sleuths have found large nu‚Ä¶ https://t.co/RYLJnujaX5,89,@NYTimes
0.0,Tue Oct 02 05:45:08 +0000 2018,0.0,1.0,0.0,That Silicon Valley billionaire who wants to close a road to the beach because it runs through his property? The Su‚Ä¶ https://t.co/ewEuvi1obb,90,@NYTimes
0.0,Tue Oct 02 05:30:02 +0000 2018,0.0,1.0,0.0,"Antonio Delgado, who is running for Congress in New York, is a Rhodes scholar and Harvard Law graduate. The G.O.P.‚Ä¶ https://t.co/gvtO0JbCEM",91,@NYTimes
0.0,Tue Oct 02 05:21:48 +0000 2018,0.0,1.0,0.0,RT @photojournalism: Tomorrow's front page story on the tsunami aftermath by @adamjdean @hkbeech and @RCPaddock https://t.co/DMU3sZBkFP htt‚Ä¶,92,@NYTimes
0.0,Tue Oct 02 05:15:04 +0000 2018,0.0,1.0,0.0,"RT @ElisabethMalkin: Tuesday is the 50th anniversary of the Tlatelolco massacre, when Mexican soldiers massacred Mexican students. My story‚Ä¶",93,@NYTimes
-0.0772,Tue Oct 02 05:00:49 +0000 2018,0.187,0.69,0.123,"Louis C.K. unexpectedly returned to the Comedy Cellar, where a new policy lets uncomfortable customers leave, their‚Ä¶ https://t.co/t1U8u7pZVy",94,@NYTimes
0.0,Tue Oct 02 04:47:04 +0000 2018,0.0,1.0,0.0,"In her first big solo trip abroad, Melania Trump is scheduled to visit 4 African countries in the span of a week: G‚Ä¶ https://t.co/QbeeVlg7v0",95,@NYTimes
0.4019,Tue Oct 02 04:32:06 +0000 2018,0.0,0.863,0.137,"Voters in Quebec selected a center-right party to take control of the provincial government, in the first election‚Ä¶ https://t.co/4fSIXlIDXX",96,@NYTimes
-0.5106,Tue Oct 02 04:17:04 +0000 2018,0.155,0.845,0.0,"In Tennessee, President Trump went on an insult spree against his potential 2020 opponents: Joe Biden, Elizabeth Wa‚Ä¶ https://t.co/HXP2dxrzrp",97,@NYTimes
0.0,Tue Oct 02 04:02:02 +0000 2018,0.0,1.0,0.0,"Days after the Indonesia tsunami, hungry residents were begging for aid, armed men were foraging shuttered stores,‚Ä¶ https://t.co/6SF1cTpr0B",98,@NYTimes
0.34,Tue Oct 02 03:53:04 +0000 2018,0.0,0.897,0.103,"RT @JohnBranchNYT: Update from a year ago: The girls still play soccer. They‚Äôre on different teams now, so I don‚Äôt know if Stacee‚Äôs daughte‚Ä¶",99,@NYTimes
